Temperature,Humidity,pm2_5,CO
22.4,19.995,NA,0.92
24.93,20.73,NA,0.97
23.44,17.387,NA,17.4
22.5,18.725,NA,1.7
22,20.622,NA,22.1
22.28,19.896,NA,45.41
24.46,25.154,NA,112.16
23.57,25.047,NA,80.87
22.67,23.487,NA,29.16
23.24,21.912,NA,
23.22,25.406,NA,132.07
23.7,21.773,NA,52.04
23.71,22.223,NA,48.82
24.42,23.952,NA,19.2
22.6,25.406,NA,0.6
24.13,22.223,NA,1.63
23.68,21.912,NA,11.44
22.06,25.154,NA,6.1
23.32,25.047,NA,2.51
22.87,23.487,NA,7.92
23.57,25.494,NA,9.52
22.96,23.952,NA,9.05
23.25,22.626,NA,22.53
22.84,,NA,2.03
22.56,44.355,NA,1.42
23.54,39.376,NA,2.27
23.23,43.532,NA,2.19
23.33,34.772,NA,5.72
23.05,45.835,NA,6.93
22.6,43.944,NA,13.85
24.57,36.874,NA,24.39
24.13,49.852,NA,43.48
22.85,,NA,54.56
22.76,43.532,NA,30.61
22.28,43.944,NA,2.37
23.1,44.355,NA,2.6
23.34,45.835,NA,1.16
22.95,49.852,NA,7.29
23.61,34.772,NA,8.92
23.79,36.874,NA,4.32
23.18,39.376,NA,1.41
22.99,,NA,6.34
22.97,50.376,NA,14.19
23.17,42.193,NA,18.18
22.38,36.07,NA,37.49
24.41,44.826,NA,15.55
22.61,42.432,NA,19.85
22.87,34.859,NA,15.96
24.31,40.057,NA,16.24
23.56,47.67,NA,11.25
24.36,,NA,33.84
23.91,44.826,NA,61.95
22.96,42.193,NA,45.45
22.79,40.057,NA,77.7
23.46,36.07,NA,12.56
23.16,50.376,NA,2.23
22.98,34.859,NA,
24.75,42.432,NA,
23.33,47.67,NA,
23.78,,NA,3.58
24.14,44.826,NA,9.07
22.89,42.193,NA,12.99
22.9,50.376,NA,18.21
23.06,34.859,NA,48.44
23.82,47.67,NA,
24.11,36.07,NA,2.5
23.72,40.057,NA,3.51
22.67,42.432,NA,4.13
23.78,,NA,5.39
24.19,50.376,NA,4.11
23.91,36.07,NA,4.28
24.46,40.057,NA,3.67
24.02,47.67,NA,6.42
23.54,44.826,NA,3.1
23.15,42.193,NA,2.72
23.91,34.859,NA,5.34
23.98,42.432,NA,25.36
23.6,,NA,46.24
24.6,51.874,NA,22.14
24.35,48.503,NA,22.25
23.73,41.498,NA,25.38
24.23,38.184,NA,45.61
23.89,45.716,NA,27.3
23.59,36.835,NA,23.83
23.84,48.189,NA,17.93
23.61,,NA,6.4
23.81,51.874,NA,5.86
24.12,36.835,NA,4.99
23.22,40.259,NA,3.88
24.24,41.498,NA,6.52
23.31,48.503,NA,3.8
23.84,48.189,NA,5.24
23.82,38.184,NA,4.17
24.67,45.716,NA,5.63
24.44,,NA,3.92
25.18,51.874,NA,4.23
23.3,41.498,NA,5.65
23.95,48.189,NA,15.82
23.57,45.716,NA,3.3
24.44,48.503,NA,5.9
24.36,36.835,NA,3.52
24.56,38.184,NA,5.28
24.27,40.259,NA,3.89
23.89,,NA,5.74
24.18,36.835,NA,18.01
25.66,38.184,NA,30.8
25.19,41.498,NA,19.91
23.97,51.874,NA,4.3
25.27,45.716,NA,6.99
24.89,48.503,NA,16.73
24.18,48.189,NA,6.3
23.61,40.259,NA,3.44
24.56,,NA,3.35
23.83,40.811,NA,5.7
24.58,40.135,NA,4.55
26.94,55.004,NA,5.29
26.45,36.668,NA,3.11
48.098,NA,3.88,
47.144,NA,5.05,
36.315,NA,5.69,
43.761,NA,4.67,
,NA,15.69,
55.004,NA,13.12,
40.811,NA,2.69,
36.315,NA,2.73,
48.098,NA,3.14,
36.668,NA,6.24,
43.761,NA,8,
40.135,NA,9.94,
47.144,NA,10.68,
,NA,11.44,
36.668,NA,12.3,
40.135,NA,20.42,
43.761,NA,5.31,
47.144,NA,14.28,
48.098,NA,21.23,
,NA,7.56,
36.315,NA,7.14,
36.668,NA,8.05,
40.811,NA,10.44,
43.761,NA,9.46,
47.144,NA,10.89,
40.135,NA,2.18,
,NA,2.96,
29.551,NA,4.12,
36.471,NA,4.23,
44.363,NA,4.26,
29.226,NA,5.27,
27.312,NA,13.71,
31.884,NA,6.67,
41.816,NA,5.6,
,NA,7.02,
29.551,NA,7.25,
29.974,NA,6.36,
41.816,NA,6.01,
27.312,NA,8.05,
36.471,NA,6.59,
29.226,NA,6.86,
44.363,NA,7.76,
31.884,NA,7.41,
29.974,NA,8.56,
,NA,8.21,
36.471,NA,8.26,
41.816,NA,9.63,
31.884,NA,8.67,
29.551,NA,9.35,
27.312,NA,8.54,
44.363,NA,7.53,
29.226,NA,7.59,
29.974,NA,7.34,
,NA,7.55,
29.551,NA,7.15,
36.471,NA,7.99,
29.226,NA,7.45,
44.363,NA,7.34,
41.816,NA,8.68,
31.884,NA,8.58,
27.312,NA,9.15,
29.974,NA,8.07,
,NA,9.23,
21.404,NA,8.87,
30.645,NA,9.01,
25.77,NA,9.56,
25.337,NA,9.43,
23.314,NA,8.03,
18.999,NA,8.11,
21.931,NA,8.91,
27.281,NA,9.74,
,NA,10.55,
25.337,NA,11.48,
25.77,NA,11.55,
,NA,11.49,
25.337,NA,11.47,
21.404,NA,11.3,
23.314,NA,10.8,
30.645,NA,8,
21.931,NA,0.64,
18.999,NA,0.6,
27.281,NA,0.65,
21.404,NA,0.72,
30.645,NA,0.55,
21.931,NA,0.67,
25.77,NA,0.55,
27.281,NA,0.1,
23.314,NA,0.06,
18.999,NA,0.14,
,NA,0.18,
21.404,NA,1.52,
25.77,NA,5.89,
27.281,NA,5.75,
18.999,NA,7.01,
30.645,NA,6.92,
25.337,NA,6.74,
21.931,NA,6.91,
23.314,NA,7.21,
19.944,NA,6.69,
22.093,NA,6.99,
20.043,NA,7.17,
17.915,NA,7.14,
16.817,NA,7.22,
20.846,NA,7.4,
20.846,NA,7.35,
19.129,NA,7.48,
17.492,NA,7.47,
20.454,NA,7.49,
16.902,NA,7.57,
20.454,NA,7.3,
17.492,NA,7.35,
17.915,NA,7.41,
22.093,NA,7.31,
20.043,NA,7.41,
19.944,NA,12.38,
19.129,NA,17.31,
16.902,NA,17.24,
22.093,NA,17.17,
19.944,NA,17.12,
20.043,NA,17.08,
19.129,NA,17.11,
17.492,NA,17.01,
20.454,NA,17.07,
16.902,NA,16.98,
17.915,NA,17.04,
20.043,NA,17.05,
22.093,NA,17.03,
20.454,NA,17.01,
19.944,NA,17.04,
17.492,NA,16.97,
19.129,NA,16.97,
15.927,NA,16.95,
19.267,NA,16.94,
17.471,NA,17,
18.045,NA,16.31,
15.884,NA,9.46,
17.697,NA,8.68,
15.7,NA,7.14,
20.142,NA,6.82,
15.927,NA,8.43,
20.142,NA,7.14,
19.267,NA,6.61,
17.471,NA,6.5,
17.697,NA,7.68,
15.7,NA,8.45,
18.045,NA,,
15.884,NA,9.95,
15.927,NA,9.21,
20.142,NA,10.61,
18.045,NA,9.26,
15.884,NA,8.69,
19.267,NA,9.05,
15.884,NA,11.26,
17.697,NA,16.31,
15.927,NA,10.33,
18.045,NA,8.85,
15.7,NA,17.96,
19.267,NA,33.31,
17.471,NA,11.14,
20.142,NA,7.83,
14.753,NA,20.16,
16.288,NA,15.83,
14.434,NA,18.21,
16.258,NA,27.14,
16.471,NA,15.9,
17.989,NA,5.42,
14.145,NA,5.19,
15.851,NA,10.38,
14.434,NA,20.2,
14.753,NA,18.12,
17.989,NA,17.03,
16.258,NA,17.72,
14.145,NA,20.61,
16.288,NA,52.33,
16.471,NA,15.49,
15.851,NA,23.03,
14.753,NA,12.92,
,NA,4.79,
16.471,NA,10.58,
14.434,NA,32.27,
16.258,NA,34.64,
17.989,NA,145.32,
14.145,NA,38.09,
16.288,NA,5.42,
15.851,NA,1.89,
,NA,2.31,
17.989,NA,1.22,
16.258,NA,,
14.753,NA,75.42,
15.851,NA,33.06,
14.434,NA,57.37,
16.288,NA,28.41,
16.471,NA,39.61,
14.145,NA,9.39,
15.554,NA,6.74,
14.135,NA,,
14.596,NA,,
16.604,NA,,
16.26,NA,,
14.903,NA,,
13.523,NA,,
15.058,NA,,
16.292,NA,,
16.604,NA,,
14.135,NA,,
15.554,NA,,
15.058,NA,,
14.596,NA,,
13.523,NA,,
16.26,NA,,
14.903,NA,,
16.292,NA,,
15.554,NA,,
14.596,NA,,
14.135,NA,,
16.604,NA,,
15.058,NA,,
16.26,NA,,
14.903,NA,,
13.523,NA,,
15.554,NA,,
16.604,NA,,
14.135,NA,,
16.26,NA,,
14.903,NA,,
13.523,NA,,
15.058,NA,,
16.292,NA,,
16.106,NA,,
15.012,NA,,
14.515,NA,,
14.429,NA,,
15.134,NA,,
14.432,NA,,
16.185,NA,,
15.89,NA,,
16.839,NA,,
16.106,NA,,
14.429,NA,,
14.432,NA,,
15.134,NA,,
15.012,NA,,
16.185,NA,,
15.89,NA,,
16.839,NA,,
14.429,NA,,
16.839,NA,,
16.106,NA,,
15.89,NA,,
16.185,NA,,
14.515,NA,,
15.012,NA,,
15.134,NA,,
14.432,NA,,
16.106,NA,,
15.134,NA,,
14.429,NA,,
16.185,NA,,
15.89,NA,,
15.012,NA,,
14.515,NA,,
14.432,NA,,
16.839,NA,,
16.265,NA,,
17.813,NA,,
15.163,NA,,
14.798,NA,,
16.826,NA,,
16.072,NA,,
15.636,NA,,
14.798,NA,,
16.729,NA,,
16.265,NA,,
16.072,NA,,
16.826,NA,,
15.615,NA,,
16.729,NA,,
17.813,NA,,
15.636,NA,,
15.163,NA,,
14.798,NA,,
16.265,NA,,
16.072,NA,,
17.813,NA,,
15.163,NA,,
16.826,NA,,
15.636,NA,,
15.615,NA,,
16.729,NA,,
16.265,NA,,
15.163,NA,,
15.636,NA,,
16.072,NA,,
14.798,NA,,
15.615,NA,,
16.729,NA,,
16.826,NA,,
17.813,NA,,
16.139,NA,,
16.306,NA,,
17.105,NA,,
16.623,NA,,
14.982,NA,,
16.112,NA,,
16.613,NA,,
15.929,NA,,
18.173,NA,,
14.982,NA,,
16.139,NA,,
16.306,NA,,
16.112,NA,,
16.623,NA,,
17.105,NA,,
18.173,NA,,
16.613,NA,,
15.929,NA,,
16.139,NA,,
16.306,NA,,
14.982,NA,,
17.105,NA,,
16.112,NA,,
16.623,NA,,
18.173,NA,,
15.929,NA,,
16.613,NA,,
16.139,NA,,
14.982,NA,,
16.306,NA,,
16.613,NA,,
17.105,NA,,
16.623,NA,,
18.173,NA,,
16.112,NA,,
15.929,NA,,
17.783,NA,,
16.526,NA,,
17.413,NA,,
18.058,NA,,
17.545,NA,,
17.187,NA,,
17.927,NA,,
18.691,NA,,
17.783,NA,,
16.526,NA,,
18.058,NA,,
19.692,NA,,
17.187,NA,,
18.691,NA,,
17.545,NA,,
19.692,NA,,
17.927,NA,,
17.413,NA,,
17.783,NA,,
17.927,NA,,
19.692,NA,,
17.187,NA,,
18.691,NA,,
17.545,NA,,
16.526,NA,,
17.413,NA,,
18.058,NA,,
16.526,NA,,
18.058,NA,,
17.783,NA,,
17.545,NA,,
17.187,NA,,
17.413,NA,,
18.691,NA,,
17.927,NA,,
19.692,NA,,
22.031,NA,,
25.9,NA,,
21.536,NA,,
24.679,NA,,
20.664,NA,,
21.171,NA,,
23.037,NA,,
22.741,NA,,
23.309,NA,,
21.536,NA,,
25.9,NA,,
22.031,NA,,
21.171,NA,,
23.037,NA,,
23.309,NA,,
24.679,NA,,
20.664,NA,,
22.741,NA,,
22.741,NA,,
23.037,NA,,
20.664,NA,,
25.9,NA,,
21.171,NA,,
21.536,NA,,
22.031,NA,,
24.679,NA,,
23.309,NA,,
30.788,NA,,
31.26,NA,,
37.774,NA,,
30.563,NA,,
33.677,NA,,
34.075,NA,,
35.116,NA,,
32.868,NA,,
31.967,NA,,
37.774,NA,,
33.677,NA,,
30.788,NA,,
31.26,NA,,
35.116,NA,,
30.563,NA,,
31.967,NA,,
32.868,NA,,
34.181,NA,,
37.774,NA,,
30.788,NA,,
31.26,NA,,
31.967,NA,,
30.563,NA,,
32.868,NA,,
34.181,NA,,
35.116,NA,,
33.677,NA,,
37.774,NA,,
33.677,NA,,
31.967,NA,11.69,
30.788,NA,9.81,
31.26,NA,10.45,
32.868,NA,10.41,
34.181,NA,9.39,
30.563,NA,9.04,
35.116,NA,8.36,
39.905,NA,8.68,
35.777,NA,8.11,
34.255,NA,7.38,
36.572,NA,7.5,
35.56,NA,7.3,
35.635,NA,7.05,
37.066,NA,6.7,
38.182,NA,7.7,
37.221,NA,,
39.905,NA,24.46,
35.56,NA,46.51,
35.777,NA,0.98,
36.572,NA,4.09,
37.066,NA,6.02,
38.182,NA,4.92,
37.221,NA,100.77,
34.255,NA,1.67,
35.635,NA,1.94,
35.56,NA,2.57,
39.905,NA,1.64,
34.255,NA,6.67,
36.572,NA,8.85,
38.182,NA,3.87,
35.777,NA,18.76,
35.56,NA,26.51,
39.905,NA,86.72,
36.572,NA,84.21,
35.635,NA,72.58,
37.066,NA,79.53,
38.182,NA,83.72,
37.221,NA,89.85,
35.777,NA,10.63,
34.255,NA,5.06,
35.854,NA,,
41.977,NA,2.77,
36.783,NA,9.72,
36.33,NA,6.96,
34.962,NA,10.41,
35.77,NA,12.59,
37.213,NA,13.53,
37.966,NA,8.64,
38.389,NA,8.14,
37.966,NA,8.38,
38.389,NA,15.47,
34.962,NA,7.66,
35.77,NA,6.39,
37.213,NA,6.08,
35.854,NA,12,
36.33,NA,10.91,
36.783,NA,8.82,
41.977,NA,7.42,
35.854,NA,8.91,
38.389,NA,9.15,
35.77,NA,10.05,
34.962,NA,10.51,
37.213,NA,9.72,
36.783,NA,10.79,
41.977,NA,10.08,
36.33,NA,10.47,
37.966,NA,9.36,
36.33,NA,9.63,
41.977,NA,9.38,
36.783,NA,9.59,
37.213,NA,10.14,
35.854,NA,10.17,
34.962,NA,10.7,
37.966,NA,9.91,
33.851,NA,9.75,
35.77,NA,9.5,
38.389,NA,7.3,
32.983,NA,9.52,
32.438,NA,10.07,
41.215,NA,11.17,
35.221,NA,13.68,
32.437,NA,10.01,
36.11,NA,9.75,
33.92,NA,,
35.963,NA,,
41.215,NA,,
36.11,NA,10.17,
33.92,NA,12.67,
35.221,NA,11.31,
32.983,NA,9.8,
32.437,NA,9.66,
33.851,NA,9.82,
32.438,NA,9.5,
35.963,NA,10.63,
41.215,NA,10.36,
32.983,NA,10.2,
33.92,NA,12.02,
35.221,NA,10.75,
32.438,NA,11.23,
33.851,NA,,
35.963,NA,16.49,
36.11,NA,14.78,
32.437,NA,14.48,
33.92,NA,13.2,
32.437,NA,11.74,
33.851,NA,11.25,
41.215,NA,10.91,
32.438,NA,11.07,
32.983,NA,11.09,
35.963,NA,10.27,
36.11,NA,16.66,
40.263,NA,20.67,
34.376,NA,18.56,
32.986,NA,10.15,
32.683,NA,7.8,
34.326,NA,12.23,
38.449,NA,9.38,
32.714,NA,9.03,
32.316,NA,6.95,
31.209,NA,7.04,
40.263,NA,7.31,
32.986,NA,11.05,
34.326,NA,18.84,
32.316,NA,19.66,
32.683,NA,29.49,
32.714,NA,26.06,
31.209,NA,16.39,
34.376,NA,12.95,
38.449,NA,11.74,
40.263,NA,10.97,
32.683,NA,7.51,
32.986,NA,,
34.326,NA,,
32.714,NA,,
38.449,NA,,
34.376,NA,,
31.209,NA,,
32.316,NA,,
40.263,NA,,
34.376,NA,,
38.449,NA,,
32.986,NA,,
32.683,NA,,
32.714,NA,,
31.209,NA,,
32.316,NA,,
34.326,NA,,
31.21,NA,,
33.737,NA,,
32.671,NA,,
35.313,NA,,
29.432,NA,,
35.057,NA,,
35.654,NA,,
42.057,NA,,
34.665,NA,,
31.21,NA,,
35.654,NA,,
34.665,NA,,
33.737,NA,,
42.057,NA,,
32.671,NA,,
35.057,NA,,
35.313,NA,,
29.432,NA,,
32.671,NA,,
42.057,NA,,
33.737,NA,,
35.057,NA,,
31.21,NA,,
29.432,NA,,
35.313,NA,,
34.665,NA,,
35.654,NA,,
42.057,NA,,
35.057,NA,,
35.313,NA,,
31.21,NA,,
32.671,NA,,
34.665,NA,,
29.432,NA,,
35.654,NA,,
33.737,NA,,
29.107,NA,,
35.988,NA,,
36.878,NA,,
34.785,NA,,
42.286,NA,,
34.437,NA,,
35.758,NA,,
35.377,NA,,
27.097,NA,,
42.286,NA,,
34.437,NA,,
29.107,NA,,
35.988,NA,,
34.785,NA,,
35.377,NA,,
36.878,NA,,
35.758,NA,,
27.097,NA,,
36.878,NA,,
42.286,NA,,
29.107,NA,,
35.988,NA,,
34.437,NA,,
27.097,NA,,
34.785,NA,,
35.377,NA,,
35.758,NA,,
35.377,NA,,
35.758,NA,,
35.988,NA,,
42.286,NA,,
34.437,NA,,
36.878,NA,,
34.785,NA,,
29.107,NA,,
27.097,NA,,
40.901,NA,,
38.252,NA,,
35.152,NA,,
34.437,NA,,
28.058,NA,,
27.853,NA,,
37.745,NA,,
38.32,NA,,
36.734,NA,,
40.901,NA,,
37.745,NA,,
34.437,NA,,
35.152,NA,,
38.32,NA,,
38.292,NA,,
28.058,NA,,
27.853,NA,,
36.734,NA,,
40.901,NA,,
35.152,NA,,
37.745,NA,,
38.32,NA,,
34.437,NA,,
36.734,NA,,
28.058,NA,,
38.292,NA,,
27.853,NA,,
34.437,NA,,
35.152,NA,,
37.745,NA,,
38.32,NA,,
28.058,NA,,
38.292,NA,,
36.734,NA,,
27.853,NA,,
37.867,NA,,
40.359,NA,,
36.025,NA,,
28.803,NA,,
37.663,NA,,
38.9,NA,,
38.642,NA,,
29.386,NA,,
33.338,NA,,
36.025,NA,,
37.867,NA,,
40.359,NA,,
38.9,NA,,
37.663,NA,,
29.386,NA,,
33.338,NA,,
38.642,NA,,
28.803,NA,,
40.359,NA,,
40.407,NA,,
37.867,NA,,
28.803,NA,,
36.025,NA,,
37.663,NA,,
38.9,NA,,
38.642,NA,,
29.386,NA,,
33.338,NA,,
37.395,NA,,
31.227,NA,,
38.396,NA,,
33.297,NA,,
37.98,NA,,
39.261,NA,,
30.55,NA,,
39.242,NA,,
40.407,NA,,
37.395,NA,,
39.261,NA,,
38.396,NA,,
33.297,NA,,
30.55,NA,,
31.227,NA,,
39.242,NA,,
37.395,NA,,
38.396,NA,,
37.98,NA,,
40.407,NA,,
33.297,NA,,
39.261,NA,,
39.242,NA,,
37.98,NA,,
37.395,NA,,
40.407,NA,,
37.98,NA,,
39.242,NA,,
31.227,NA,,
39.261,NA,,
30.55,NA,,
38.396,NA,,
33.297,NA,,
39.595,NA,,
37.47,NA,,
36.596,NA,,
39.415,NA,,
40.839,NA,,
38.065,NA,,
31.268,NA,,
39.846,NA,,
31.598,NA,,
39.595,NA,,
37.47,NA,,
39.415,NA,,
31.268,NA,,
31.598,NA,,
36.596,NA,,
40.839,NA,,
39.846,NA,,
38.065,NA,,
38.065,NA,,
31.268,NA,,
39.595,NA,,
39.415,NA,,
37.47,NA,,
31.598,NA,,
36.596,NA,,
39.846,NA,,
40.839,NA,,
39.415,NA,,
36.596,NA,,
39.846,NA,,
31.598,NA,,
40.839,NA,,
38.065,NA,,
31.268,NA,,
37.47,NA,,
39.595,NA,,
40.974,NA,,
38.899,NA,,
43.475,NA,,
39.958,NA,,
30.879,NA,,
42.045,NA,,
32.206,NA,,
40.652,NA,,
30.837,NA,,
32.206,NA,,
39.958,NA,,
42.045,NA,,
30.837,NA,,
38.899,NA,,
40.652,NA,,
40.974,NA,,
30.879,NA,,
42.045,NA,,
30.837,NA,,
40.652,NA,,
30.879,NA,,
32.206,NA,,
39.958,NA,,
40.974,NA,,
38.899,NA,,
43.475,NA,,
39.958,NA,,
30.879,NA,,
40.652,NA,,
43.475,NA,,
32.206,NA,,
30.837,NA,,
42.045,NA,,
38.899,NA,,
42.908,NA,,
37.269,NA,,
35.814,NA,,
31.309,NA,,
30.063,NA,,
38.014,NA,,
35.41,NA,,
37.269,NA,,
25.804,NA,,
36.577,NA,,
42.908,NA,,
42.908,NA,,
35.814,NA,,
35.41,NA,,
31.163,NA,,
31.213,NA,,
27.468,NA,,
26.433,NA,,
22.364,NA,,
36.791,NA,,
25.574,NA,,
25.964,NA,,
26.433,NA,,
31.163,NA,,
25.804,NA,,
36.791,NA,,
31.213,NA,,
27.468,NA,,
25.964,NA,,
25.574,NA,,
22.364,NA,,
25.804,NA,,
31.213,NA,,
31.163,NA,,
25.574,NA,,
27.468,NA,,
25.964,NA,,
22.364,NA,,
26.433,NA,,
36.791,NA,,
25.574,NA,,
31.163,NA,,
31.213,NA,,
25.804,NA,,
26.433,NA,,
27.468,NA,,
25.964,NA,,
36.791,NA,,
22.364,NA,,
19.625,NA,,
21.192,NA,,
22.063,NA,,
22.77,NA,,
25.425,NA,,
18.988,NA,,
23.798,NA,,
17.731,NA,,
23.798,NA,,
19.625,NA,,
23.105,NA,,
21.192,NA,,
22.77,NA,,
25.425,NA,,
18.988,NA,,
17.745,NA,,
22.063,NA,,
19.625,NA,,
21.192,NA,,
18.988,NA,,
17.745,NA,,
22.063,NA,,
23.798,NA,,
22.77,NA,,
23.105,NA,,
25.425,NA,,
21.202,NA,,
20.798,NA,,
18.16,NA,,
18.116,NA,,
21.628,NA,,
20.519,NA,,
17.738,NA,,
18.16,NA,,
18.116,NA,,
20.894,NA,,
21.202,NA,,
21.248,NA,,
17.738,NA,,
21.628,NA,,
20.798,NA,,
20.519,NA,,
18.116,NA,,
18.16,NA,,
21.202,NA,,
20.798,NA,,
20.894,NA,,
21.248,NA,,
21.628,NA,,
20.519,NA,,
17.738,NA,,
21.248,NA,175.81,
20.798,NA,104.94,
19.681,NA,70.84,
17.948,NA,71.28,
20.003,NA,55.17,
18.016,NA,,
32.326,NA,3.96,
19.98,NA,,
19.527,NA,,
20.008,NA,24.81,
17.6,NA,16.58,
19.681,NA,17.91,
19.98,NA,36.74,
17.948,NA,42.99,
18.016,NA,62.88,
20.008,NA,38.8,
17.6,NA,48.64,
19.527,NA,51.7,
20.003,NA,47.15,
19.681,NA,98.33,
20.008,NA,118.02,
19.527,NA,45.88,
20.003,NA,5.06,
17.948,NA,5.85,
17.6,NA,6.11,
18.016,NA,10.23,
19.98,NA,6.84,
18.125,NA,15.17,
16.899,NA,15.07,
17.513,NA,24,
18.564,NA,45.76,
18.913,NA,37.88,
18.412,NA,55.69,
18.567,NA,69.71,
16.402,NA,55.08,
18.412,NA,14.63,
17.513,NA,40.22,
18.125,NA,30.39,
18.567,NA,6.14,
18.564,NA,5.49,
16.899,NA,5.78,
16.402,NA,5.9,
18.913,NA,5.46,
18.125,NA,7.19,
16.899,NA,5.58,
16.402,NA,5.9,
18.567,NA,26.28,
18.564,NA,28.06,
18.412,NA,15.98,
17.513,NA,20.79,
18.913,NA,11.42,
19.267,NA,7.54,
16.899,NA,6.33,
18.125,NA,5.7,
19.267,NA,7.16,
18.412,NA,17.88,
16.402,NA,8.72,
18.564,NA,7.78,
18.567,NA,5.95,
18.913,NA,25.81,
15.695,NA,19.89,
18.336,NA,29.6,
17.034,NA,15.17,
17.28,NA,26.95,
16.129,NA,43.47,
17.763,NA,30.55,
16.583,NA,14.9,
15.318,NA,6.85,
17.28,NA,7.58,
16.129,NA,9.26,
15.695,NA,13.87,
17.034,NA,19.42,
18.336,NA,25.96,
15.318,NA,31.55,
17.763,NA,23.19,
16.583,NA,8.91,
17.087,NA,5.86,
16.129,NA,16.31,
17.28,NA,44.57,
15.695,NA,30.4,
16.583,NA,20.58,
18.336,NA,22.69,
17.763,NA,14.34,
17.034,NA,44.01,
15.318,NA,29.54,
17.087,NA,32.42,
17.034,NA,65.07,
15.695,NA,52.45,
17.28,NA,30.7,
15.318,NA,9.92,
17.087,NA,29.44,
16.583,NA,52.63,
16.129,NA,89.57,
18.336,NA,52.92,
17.763,NA,15.17,
16.504,NA,35.38,
18.225,NA,65.27,
18.568,NA,83.78,
16.064,NA,42.54,
15.84,NA,94,
17.364,NA,15.14,
17.102,NA,73.16,
18.753,NA,71.48,
17.711,NA,49.85,
18.225,NA,25.46,
16.504,NA,27.03,
16.064,NA,48.11,
18.568,NA,108.99,
18.753,NA,124.01,
17.711,NA,20.33,
17.102,NA,28.93,
15.84,NA,10.31,
17.364,NA,6.17,
21.454,NA,32.36,
20.062,NA,36.67,
20.993,NA,47.49,
20.515,NA,108.73,
20.043,NA,132.47,
22.484,NA,74.41,
19.904,NA,66.96,
21.282,NA,92.86,
23.361,NA,134.85,
21.454,NA,,
20.062,NA,27.81,
20.043,NA,30.05,
22.484,NA,35.02,
20.515,NA,18.78,
21.454,NA,8.51,
21.282,NA,4.52,
19.904,NA,13.79,
20.993,NA,25.68,
23.361,NA,22.14,
20.043,NA,52.23,
20.515,NA,10.58,
21.282,NA,46.93,
22.484,NA,41.3,
20.062,NA,52.37,
20.993,NA,31.48,
19.904,NA,51.41,
23.361,NA,70.03,
23.136,NA,17.12,
22.89,NA,37.72,
21.567,NA,80.75,
23.146,NA,54.16,
24.527,NA,45.17,
23.797,NA,17.14,
22.793,NA,14.93,
25.55,NA,15.35,
23.136,NA,9.58,
21.567,NA,30.04,
24.527,NA,39.51,
23.091,NA,30.62,
22.89,NA,42.25,
25.55,NA,63.29,
23.797,NA,13.28,
23.146,NA,61.15,
22.793,NA,51.8,
21.567,NA,14.95,
23.136,NA,44.37,
23.146,NA,22.81,
23.797,NA,10.93,
24.527,NA,21.11,
23.091,NA,40.3,
22.89,NA,5.88,
25.55,NA,15.24,
22.793,NA,19.45,
22.455,NA,20.11,
25.824,NA,30.88,
22.323,NA,18.14,
20.623,NA,16.35,
25.069,NA,22.52,
25.799,NA,26.61,
23.748,NA,23.17,
24.789,NA,29.4,
24.634,NA,31.91,
25.824,NA,48.77,
23.748,NA,12.2,
22.455,NA,7.93,
22.323,NA,4.96,
24.634,NA,20.3,
25.799,NA,25.34,
20.623,NA,47.44,
24.789,NA,42.76,
25.824,NA,9.84,
23.748,NA,25.37,
22.455,NA,10.39,
22.323,NA,7.15,
20.623,NA,16.93,
25.799,NA,13.88,
24.789,NA,10.7,
25.069,NA,14.21,
24.634,NA,8.66,
25.824,NA,15.63,
20.623,NA,13.95,
22.455,NA,7.56,
23.748,NA,9.59,
25.799,NA,10.25,
25.069,NA,26.72,
24.634,NA,8.33,
24.789,NA,7.28,
22.323,NA,13.86,
24.344,NA,8.51,
31.963,NA,7.07,
23.504,NA,9.88,
24.902,NA,6.91,
27.681,NA,6.67,
27.983,NA,7.69,
26.098,NA,8.89,
23.109,NA,8.58,
26.156,NA,6.96,
23.504,NA,10.41,
26.098,NA,10.37,
26.156,NA,20.03,
24.344,NA,22.86,
31.963,NA,10.46,
24.902,NA,18.18,
23.109,NA,25.24,
27.983,NA,17.41,
27.681,NA,14.05,
23.109,NA,18.21,
31.963,NA,15.82,
24.344,NA,14.35,
24.902,NA,9.53,
23.504,NA,13.48,
26.098,NA,11.58,
26.156,NA,10.18,
27.983,NA,13.06,
27.681,NA,13.97,
26.373,NA,16.31,
36.855,NA,24.41,
27.846,NA,35.49,
31.606,NA,39.53,
31.681,NA,43.78,
27.028,NA,43.3,
27.383,NA,38,
28.584,NA,41.38,
25.335,NA,39.11,
27.028,NA,29.34,
31.606,NA,35.38,
36.855,NA,33.35,
25.335,NA,38.95,
27.846,NA,35.54,
28.584,NA,65.72,
27.383,NA,44.96,
26.373,NA,40.63,
31.681,NA,37.69,
31.681,NA,25.63,
27.846,NA,26.44,
27.383,NA,21.89,
27.028,NA,19.06,
28.584,NA,21.07,
26.373,NA,25.53,
36.855,NA,27.2,
31.606,NA,34.33,
25.335,NA,29.58,
36.855,NA,17.35,
28.584,NA,17.08,
27.383,NA,19.87,
25.335,NA,24.72,
27.028,NA,29.02,
27.846,NA,25.58,
32.046,NA,30.52,
42.16,NA,29.94,
33.342,NA,20.68,
29.418,NA,17.84,
30.419,NA,30.82,
33.146,NA,27.75,
30.892,NA,31.41,
32.326,NA,31.02,
30.419,NA,35.01,
42.16,NA,25.57,
30.892,NA,34.86,
30.694,NA,43.24,
32.046,NA,39.25,
29.418,NA,29.79,
33.146,NA,29.72,
33.342,NA,23.91,
42.16,NA,27.77,
30.694,NA,29.96,
33.146,NA,28.69,
33.342,NA,26.58,
32.326,NA,25.51,
30.419,NA,25.73,
30.892,NA,22.52,
32.046,NA,18.31,
29.418,NA,28.82,
42.16,NA,25.18,
32.326,NA,29.18,
30.694,NA,25.17,
30.892,NA,27.58,
30.419,NA,21.18,
33.342,NA,25.26,
32.046,NA,29.19,
33.146,NA,30.74,
29.418,NA,27.87,
35.61,NA,12.25,
45.779,NA,18.31,
40.058,NA,26.43,
38.907,NA,30.33,
34.767,NA,24.01,
35.801,NA,29.28,
36.379,NA,30.95,
37.939,NA,30.68,
37.383,NA,34.28,
35.801,NA,36.15,
45.779,NA,31.19,
40.058,NA,33.12,
36.379,NA,26.74,
35.61,NA,26.37,
37.939,NA,33.34,
34.767,NA,41,
37.383,NA,35.18,
45.779,NA,28.47,
37.383,NA,,
34.767,NA,33.16,
35.801,NA,26.8,
40.058,NA,28.37,
38.907,NA,24.39,
37.939,NA,34.43,
35.61,NA,40.34,
36.379,NA,43.81,
45.779,NA,32.15,
35.61,NA,26.67,
35.801,NA,29.17,
38.666,NA,31.54,
39.9,NA,33.85,
45.478,NA,32.1,
41.496,NA,34.65,
40.656,NA,29.08,
39.733,NA,22.79,
43.114,NA,38.95,
41.364,NA,23.11,
39.9,NA,23.36,
40.656,NA,22.46,
41.166,NA,25.94,
45.478,NA,27.35,
39.733,NA,24.68,
38.666,NA,20.32,
41.496,NA,40.29,
43.114,NA,42.91,
41.418,NA,42.88,
45.478,NA,59.21,
39.733,NA,26.73,
40.656,NA,15.84,
41.166,NA,12.95,
41.496,NA,4.5,
41.418,NA,30.71,
39.9,NA,32.81,
38.666,NA,34.89,
43.114,NA,34.65,
45.478,NA,46.02,
39.733,NA,33.97,
38.666,NA,44.47,
40.656,NA,25.15,
39.9,NA,19.73,
41.166,NA,23.16,
41.418,NA,28.2,
41.496,NA,29.19,
43.114,NA,26.76,
40.277,NA,18.18,
48.665,NA,27.99,
42.077,NA,94.41,
42.405,NA,112.71,
44.033,NA,81.12,
40.519,NA,34.72,
39.749,NA,51.7,
42.964,NA,30.47,
48.605,NA,90.96,
42.077,NA,34.06,
40.519,NA,18.59,
39.749,NA,26.91,
48.665,NA,24.13,
40.277,NA,48.7,
42.405,NA,49.94,
48.605,NA,68.97,
44.033,NA,44.04,
42.964,NA,43.47,
48.665,NA,37.42,
40.277,NA,59.53,
42.077,NA,93.31,
39.749,NA,70.6,
42.405,NA,38.01,
40.519,NA,65.62,
44.033,NA,79.42,
42.964,NA,77.55,
48.605,NA,41.62,
40.277,NA,33.47,
48.665,NA,44.07,
40.519,NA,68.52,
39.749,NA,108.81,
42.077,NA,90.33,
42.405,NA,88.34,
42.964,NA,115.87,
44.033,NA,57.16,
48.605,NA,39.47,
42.108,NA,34.52,
42.771,NA,25.76,
43.132,NA,16.91,
43.483,NA,11.7,
42.578,NA,8.69,
44.875,NA,32.82,
53.109,NA,28.91,
44.996,NA,42.1,
52.129,NA,28.26,
43.132,NA,25.92,
42.108,NA,31.36,
53.109,NA,28.4,
42.578,NA,37.47,
44.875,NA,30.29,
52.129,NA,11.02,
42.771,NA,32.21,
43.483,NA,57.51,
44.996,NA,60.28,
43.132,NA,41.8,
42.578,NA,14.87,
53.109,NA,7.45,
43.483,NA,7.23,
42.108,NA,6.99,
44.996,NA,7.67,
42.771,NA,26.3,
44.875,NA,46.84,
52.129,NA,56.46,
43.483,NA,46.89,
42.771,NA,89.19,
53.109,NA,45.76,
43.132,NA,11.61,
42.108,NA,12.74,
42.578,NA,23.18,
44.875,NA,86.91,
52.129,NA,63.43,
44.996,NA,16.94,
50.134,NA,17.63,
52.764,NA,71.11,
46.108,NA,63.03,
42.583,NA,59.56,
47.312,NA,119.68,
47.894,NA,57.92,
41.368,NA,63.86,
45.709,NA,40.16,
56.228,NA,8.16,
50.134,NA,13.83,
52.764,NA,26.24,
56.228,NA,32.14,
45.709,NA,42.44,
47.894,NA,53.08,
41.368,NA,63.2,
42.583,NA,9.04,
47.312,NA,6.96,
47.894,NA,101.89,
41.368,NA,96.21,
45.709,NA,48.24,
42.583,NA,32.68,
56.228,NA,49.43,
47.312,NA,78.38,
46.108,NA,26.17,
52.764,NA,40.08,
56.228,NA,18.26,
45.709,NA,11.03,
42.583,NA,16.22,
47.894,NA,18.13,
47.312,NA,22.56,
46.108,NA,16.1,
50.134,NA,34.37,
41.368,NA,37.91,
57.95,NA,17.85,
40.724,NA,13.12,
47.668,NA,11.01,
46.564,NA,46.91,
54.963,NA,61.13,
44.517,NA,9.02,
48.315,NA,10.62,
50.122,NA,10.13,
46.759,NA,15.39,
44.517,NA,20.48,
46.697,NA,14.6,
57.95,NA,50.93,
46.564,NA,45.8,
50.122,NA,19.59,
40.724,NA,20.61,
47.668,NA,32.07,
50.122,NA,35.1,
46.697,NA,28.68,
47.668,NA,17.55,
54.963,NA,64.13,
46.564,NA,8.83,
57.95,NA,16.2,
40.724,NA,12.42,
48.315,NA,56.57,
44.517,NA,42.41,
50.122,NA,13.19,
46.564,NA,12.26,
48.315,NA,14.07,
54.963,NA,14.18,
40.724,NA,9.25,
46.697,NA,15.88,
47.668,NA,9.85,
57.95,NA,12.69,
44.517,NA,23.56,
50.618,NA,34.47,
59.266,NA,48.38,
39.951,NA,29.23,
49.834,NA,10.66,
53.81,NA,17.55,
51.455,NA,34.49,
41.382,NA,15.24,
49.954,NA,10.75,
52.811,NA,26.15,
49.954,NA,17.21,
49.834,NA,12.67,
50.618,NA,18.21,
51.455,NA,80.16,
52.811,NA,13.65,
41.382,NA,24.16,
39.951,NA,43.21,
59.266,NA,41.7,
53.81,NA,26.17,
59.266,NA,20.95,
49.834,NA,15.64,
51.455,NA,54.2,
41.382,NA,61.37,
39.951,NA,50,
49.954,NA,33.94,
53.81,NA,11.84,
52.811,NA,16.25,
36.739,NA,36.74,
51.182,NA,47.6,
52.81,NA,20.27,
63.536,NA,23.05,
40.098,NA,21.56,
55.306,NA,24.47,
51.723,NA,26.28,
50.222,NA,19.53,
54.508,NA,51.44,
52.81,NA,65.1,
50.222,NA,21.38,
63.536,NA,20.83,
36.739,NA,11.75,
40.098,NA,29.7,
55.306,NA,15.24,
51.182,NA,9.19,
54.508,NA,8.88,
51.723,NA,10.74,
50.222,NA,23.23,
63.536,NA,60.25,
52.81,NA,35.37,
54.508,NA,27.88,
40.098,NA,9.49,
36.739,NA,,
55.306,NA,,
51.182,NA,38.54,
51.723,NA,75.71,
52.81,NA,11.92,
54.508,NA,9.13,
51.182,NA,23.43,
51.723,NA,24.04,
40.098,NA,13.77,
36.739,NA,14.52,
55.306,NA,19.4,
50.222,NA,23.99,
63.536,NA,12.69,
51.301,NA,15.56,
66.061,NA,11.8,
54.939,NA,,
53.74,NA,,
55.601,NA,,
40.579,NA,,
37.405,NA,17.26,
54.735,NA,15.08,
52.439,NA,14.67,
66.061,NA,18.02,
52.439,NA,13.27,
55.601,NA,34.56,
37.405,NA,17.47,
53.74,NA,11.03,
51.301,NA,11.44,
40.579,NA,14.29,
54.939,NA,14.31,
66.061,NA,17.96,
51.301,NA,28.03,
54.735,NA,21.39,
55.601,NA,21.02,
54.735,NA,16.43,
53.74,NA,19.89,
52.439,NA,16.75,
40.579,NA,23.83,
54.939,NA,21.8,
66.061,NA,22.33,
53.74,NA,20.89,
37.405,NA,18.87,
40.579,NA,12.63,
54.939,NA,15.49,
54.735,NA,16.38,
51.301,NA,15.2,
52.439,NA,16.31,
55.601,NA,15.38,
65.836,NA,12.8,
53.44,NA,13.75,
51.438,NA,14.4,
54.362,NA,18.89,
53.549,NA,25.17,
55.376,NA,25.92,
59.043,NA,22.25,
38.625,NA,19.2,
39.887,NA,30.2,
51.797,NA,18.86,
62.533,NA,12.65,
47.252,NA,14.35,
41.34,NA,21.05,
47.896,NA,19.38,
54.103,NA,24.95,
30.063,NA,25.55,
47.06,NA,29.88,
54.571,NA,41.59,
39.05,NA,29.06,
29.649,NA,28.45,
39.204,NA,24.72,
26.043,NA,24.13,
26.92,NA,39.11,
24.715,NA,37.12,
41.432,NA,34.67,
44.737,NA,26.15,
29.429,NA,35.85,
39.204,NA,36.14,
44.737,NA,40.51,
26.043,NA,37.34,
24.715,NA,30.92,
41.432,NA,36.22,
30.063,NA,24.82,
29.649,NA,32.1,
26.92,NA,31.97,
29.429,NA,30.5,
26.92,NA,26,
41.432,NA,25.34,
39.204,NA,27.48,
30.063,NA,17.33,
26.043,NA,13.1,
44.737,NA,17.81,
29.429,NA,27.02,
29.649,NA,35.25,
24.715,NA,34.26,
39.204,NA,26.55,
29.649,NA,32.36,
24.715,NA,33.11,
26.043,NA,31.74,
41.432,NA,32.52,
44.737,NA,59.19,
30.063,NA,45.45,
26.92,NA,36.56,
29.429,NA,25.9,
25.764,NA,29.34,
18.554,NA,38.94,
28.441,NA,40.91,
18.911,NA,35.46,
20.712,NA,26.54,
18.24,NA,28.38,
25.412,NA,33.04,
21.876,NA,40.24,
21.68,NA,28.77,
25.764,NA,33.11,
25.412,NA,31.12,
21.876,NA,33.81,
20.712,NA,30.09,
18.554,NA,36.78,
28.441,NA,34.38,
18.911,NA,26.7,
21.68,NA,24.36,
25.764,NA,24.41,
18.554,NA,25.81,
18.911,NA,18.93,
21.876,NA,21.13,
25.412,NA,36.07,
28.441,NA,46.11,
18.911,NA,27.22,
25.764,NA,37.89,
18.554,NA,36,
28.441,NA,30.71,
21.876,NA,24.16,
20.712,NA,25.23,
25.412,NA,29.4,
21.68,NA,16.72,
18.24,NA,20.81,
17.587,NA,22.28,
20.087,NA,25.02,
18.255,NA,18.87,
19.207,NA,21.33,
17.976,NA,23.33,
19.804,NA,45.92,
21.354,NA,49.78,
17.433,NA,51.32,
20.087,NA,40.14,
21.354,NA,37.54,
17.976,NA,23.87,
17.587,NA,36.34,
19.207,NA,25.45,
17.433,NA,31.7,
18.255,NA,11.26,
20.068,NA,17.41,
19.804,NA,13.26,
20.087,NA,19.33,
17.433,NA,18.72,
18.255,NA,23.56,
17.587,NA,18.91,
17.976,NA,18.36,
21.354,NA,24.72,
19.804,NA,14.94,
20.068,NA,11.62,
19.207,NA,11.85,
20.087,NA,21.47,
17.587,NA,18.9,
19.804,NA,25.05,
17.433,NA,49.58,
18.255,NA,55.22,
20.068,NA,36.34,
19.207,NA,45.99,
21.354,NA,82.73,
18.03,NA,59.24,
17.705,NA,34.88,
17.599,NA,68.52,
18.797,NA,119.3,
19.224,NA,45.18,
18.473,NA,57.78,
17.774,NA,51.18,
19.707,NA,39.85,
17.705,NA,40.53,
18.03,NA,6.94,
17.599,NA,5.69,
17.774,NA,1.7,
18.797,NA,3.67,
19.707,NA,6.05,
19.225,NA,4.79,
18.473,NA,7.26,
17.774,NA,1.41,
19.225,NA,7.32,
18.03,NA,7.95,
17.705,NA,7.42,
17.599,NA,16.72,
19.707,NA,22.31,
18.797,NA,9.85,
18.473,NA,10.87,
19.707,NA,23.59,
17.599,NA,28.8,
18.03,NA,17.04,
18.473,NA,28.47,
17.705,NA,15.77,
18.797,NA,14.87,
17.774,NA,14.05,
19.225,NA,9.16,
16.805,NA,17.69,
18.281,NA,47.92,
16.912,NA,18.8,
16.047,NA,20.01,
18.417,NA,10.3,
17.282,NA,28.74,
17.123,NA,29.52,
17.804,NA,42.34,
16.805,NA,39.43,
16.047,NA,34.48,
16.912,NA,17.98,
18.417,NA,17.1,
18.281,NA,19.45,
17.123,NA,17.72,
17.282,NA,20.3,
17.804,NA,16.8,
16.805,NA,11.11,
16.912,NA,7.78,
16.047,NA,5.55,
18.281,NA,8.07,
17.282,NA,5.26,
17.804,NA,4.02,
17.123,NA,3.87,
18.417,NA,4.32,
16.805,NA,7.8,
16.912,NA,14.15,
18.417,NA,9.08,
17.123,NA,12.09,
16.047,NA,12.83,
17.804,NA,26.73,
17.282,NA,26.27,
17.053,NA,14.39,
15.679,NA,6.92,
15.844,NA,4.66,
17.135,NA,2.56,
16.183,NA,5.2,
17.003,NA,5.67,
14.839,NA,8.84,
16.079,NA,28.91,
16.059,NA,29.17,
17.053,NA,10.97,
14.839,NA,3.75,
15.679,NA,2.2,
,NA,1.89,
17.135,NA,4.07,
17.003,NA,6.64,
16.183,NA,17.34,
15.844,NA,11.4,
14.839,NA,30.94,
,NA,34.49,
17.053,NA,6.36,
17.135,NA,3.78,
16.183,NA,3.63,
17.003,NA,7.06,
16.059,NA,8.97,
15.679,NA,5.41,
15.844,NA,7.17,
15.679,NA,7.37,
17.053,NA,2.38,
14.839,NA,2.41,
17.003,NA,2.5,
16.059,NA,2.38,
16.183,NA,8.81,
17.135,NA,8.08,
,NA,3.26,
15.844,NA,3.59,
14.069,NA,3.75,
15.43,NA,20.06,
14.141,NA,24.98,
16.205,NA,13.05,
14.88,NA,20.86,
14.937,NA,33,
16.169,NA,20.18,
16.512,NA,10.39,
14.25,NA,18.14,
14.25,NA,19.52,
14.937,NA,118,
16.169,NA,9.53,
14.069,NA,11.31,
15.439,NA,20.76,
16.205,NA,36.07,
14.88,NA,36.16,
14.141,NA,15.2,
16.512,NA,9.38,
15.439,NA,10.08,
14.141,NA,29.48,
14.88,NA,30.93,
14.069,NA,6.1,
16.169,NA,23.75,
16.205,NA,14.56,
14.937,NA,6.25,
16.512,NA,8.62,
14.25,NA,12.48,
14.069,NA,27.61,
14.937,NA,57.7,
15.439,NA,18.72,
16.169,NA,24.78,
16.512,NA,14.28,
14.141,NA,43.22,
14.88,NA,59.34,
16.205,NA,42.62,
14.25,NA,22.33,
14.069,NA,10.49,
14.937,NA,4.78,
15.439,NA,4.22,
14.25,NA,10.92,
16.205,NA,31.41,
14.88,NA,70.45,
16.169,NA,92.96,
14.141,NA,57.77,
16.512,NA,17.8,
14.996,NA,22.34,
13.813,NA,23.13,
14.183,NA,21.26,
15.483,NA,7.4,
14.297,NA,8.43,
15.658,NA,10.7,
16.594,NA,12.19,
15.027,NA,7.87,
14.506,NA,5.55,
13.813,NA,2.28,
14.996,NA,3.56,
15.483,NA,6.04,
14.297,NA,6.95,
14.506,NA,4,
15.027,NA,5.11,
14.183,NA,3.89,
15.658,NA,16.02,
14.183,NA,15.45,
15.658,NA,15.07,
15.027,NA,4.67,
16.594,NA,9.82,
15.483,NA,5.47,
14.297,NA,4.98,
13.813,NA,2.96,
14.996,NA,4.28,
14.506,NA,7.11,
13.813,NA,5.23,
14.996,NA,4.67,
15.483,NA,3.08,
14.297,NA,4.11,
14.506,NA,3.85,
16.594,NA,4.5,
14.183,NA,4.46,
15.027,NA,4.51,
14.345,NA,3.82,
16.025,NA,3.35,
16.402,NA,3.75,
16.28,NA,3.87,
14.842,NA,5.19,
17.535,NA,5.07,
16.018,NA,0.59,
15.303,NA,0.45,
16.076,NA,0.36,
15.303,NA,0.39,
16.031,NA,0.37,
14.345,NA,0.43,
14.842,NA,0.36,
16.402,NA,0.36,
16.28,NA,0.41,
16.018,NA,0.36,
16.103,NA,0.34,
17.535,NA,0.39,
14.345,NA,0.45,
16.28,NA,0.35,
16.018,NA,0.28,
15.303,NA,0.38,
14.842,NA,0.4,
16.402,NA,0.46,
17.535,NA,0.46,
16.402,NA,0.67,
16.018,NA,0.46,
16.032,NA,0.54,
14.345,NA,0.56,
16.28,NA,0.64,
14.842,NA,0.73,
17.535,NA,0.54,
15.303,NA,0.67,
16.103,NA,0.4,
16.402,NA,0.51,
15.936,NA,0.55,
15.936,NA,0.77,
17.479,NA,0.54,
17.392,NA,0.58,
17.02,NA,0.48,
16.929,NA,0.49,
18.497,NA,0.51,
16.598,NA,0.39,
16.611,NA,0.68,
16.402,NA,0.62,
16.929,NA,0.61,
15.936,NA,0.69,
17.02,NA,0.56,
17.392,NA,0.65,
18.497,NA,0.67,
17.479,NA,0.81,
15.936,NA,0.57,
15.936,NA,0.59,
16.402,NA,0.83,
17.02,NA,0.56,
17.479,NA,0.57,
16.929,NA,0.41,
16.611,NA,0.4,
15.936,NA,0.64,
18.497,NA,0.45,
17.392,NA,0.44,
15.936,NA,0.79,
16.402,NA,0.63,
17.479,NA,0.71,
17.392,NA,0.82,
16.611,NA,0.57,
17.02,NA,0.86,
16.929,NA,0.85,
15.936,NA,0.68,
18.497,NA,0.85,
20.522,NA,1.18,
19.37,NA,0.86,
20.266,NA,0.85,
19.842,NA,0.85,
18.702,NA,0.81,
18.897,NA,0.56,
21.493,NA,0.71,
19.245,NA,0.5,
21.237,NA,0.7,
21.493,NA,0.52,
20.522,NA,0.51,
19.842,NA,0.75,
18.897,NA,0.65,
19.37,NA,0.59,
18.702,NA,0.49,
21.237,NA,0.52,
20.266,NA,0.67,
19.245,NA,0.73,
19.37,NA,0.28,
20.266,NA,0.6,
18.897,NA,0.56,
20.522,NA,0.57,
19.842,NA,0.57,
19.245,NA,0.48,
18.702,NA,0.5,
21.493,NA,0.48,
21.237,NA,0.47,
25.886,NA,0.48,
24.277,NA,0.49,
25.832,NA,0.49,
27.268,NA,0.37,
26.672,NA,0.32,
29.587,NA,0.37,
28.759,NA,0.44,
28.275,NA,0.42,
22.677,NA,0.4,
22.677,NA,0.44,
26.672,NA,0.36,
25.886,NA,0.42,
29.587,NA,0.4,
27.268,NA,0.45,
24.277,NA,0.4,
25.832,NA,0.29,
28.759,NA,0.26,
28.275,NA,0.31,
22.677,NA,0.31,
25.886,NA,0.3,
25.832,NA,0.27,
29.587,NA,0.39,
26.672,NA,0.41,
27.268,NA,0.37,
24.277,NA,0.27,
28.275,NA,0.36,
28.759,NA,0.47,
24.277,NA,0.42,
25.886,NA,0.28,
27.268,NA,0.22,
29.587,NA,0.25,
25.832,NA,0.22,
22.677,NA,0.25,
26.672,NA,0.27,
28.759,NA,0.24,
28.275,NA,0.26,
30.133,NA,0.21,
38.486,NA,0.18,
34.107,NA,0.18,
28.145,NA,0.25,
32.919,NA,0.26,
31.293,NA,0.21,
31.891,NA,0.24,
29.156,NA,0.3,
31.186,NA,0.28,
30.133,NA,0.19,
38.486,NA,0.23,
31.891,NA,0.27,
29.156,NA,0.24,
28.145,NA,0.27,
32.919,NA,0.32,
31.293,NA,0.37,
34.107,NA,0.31,
31.186,NA,0.39,
38.486,NA,0.42,
31.186,NA,0.37,
30.133,NA,0.32,
29.156,NA,0.31,
31.891,NA,0.27,
31.293,NA,0.23,
28.145,NA,0.38,
32.919,NA,0.36,
34.107,NA,0.31,
38.486,NA,0.21,
31.186,NA,0.25,
30.133,NA,0.25,
31.891,NA,0.19,
28.145,NA,0.19,
29.156,NA,0.22,
32.919,NA,0.21,
31.293,NA,0.24,
34.107,NA,0.24,
31.953,NA,0.22,
42.272,NA,0.17,
,NA,0.22,
33.578,NA,0.24,
33.662,NA,0.24,
35.425,NA,0.19,
36.931,NA,0.24,
34.746,NA,0.21,
30.541,NA,0.18,
,NA,0.41,
33.578,NA,0.33,
35.425,NA,0.22,
31.953,NA,0.21,
36.931,NA,0.2,
33.662,NA,0.17,
30.541,NA,0.16,
42.272,NA,0.17,
42.272,NA,0.17,
35.425,NA,0.16,
,NA,0.15,
33.578,NA,0.2,
31.953,NA,0.22,
30.541,NA,0.15,
36.931,NA,0.16,
33.662,NA,0.05,
34.746,NA,0.07,
42.272,NA,0.05,
31.953,NA,0.03,
33.578,NA,0.02,
35.425,NA,0.02,
34.746,NA,0.12,
30.541,NA,0.11,
,NA,0.02,
36.931,NA,0.1,
33.662,NA,0.12,
47.614,NA,0.14,
35.274,NA,0.11,
36.72,NA,0.09,
33.674,NA,0.16,
,NA,0.12,
38.081,NA,0.1,
39.058,NA,0.1,
40.234,NA,0.15,
36.884,NA,0.18,
36.884,NA,0.12,
,NA,0.11,
36.72,NA,0.13,
39.058,NA,0.27,
40.234,NA,0.09,
33.674,NA,0.1,
38.081,NA,0.16,
35.274,NA,0.24,
47.737,NA,0.15,
,NA,0.14,
35.274,NA,0.1,
39.058,NA,0.17,
36.884,NA,0.08,
40.234,NA,0.11,
33.674,NA,0.13,
36.72,NA,0.3,
38.081,NA,0.14,
47.737,NA,0.15,
47.737,NA,0.15,
35.274,NA,0.22,
40.234,NA,0.1,
33.674,NA,0.17,
36.72,NA,0.23,
38.081,NA,0.27,
,NA,0.17,
36.884,NA,0.1,
39.058,NA,0.08,
36.064,NA,0.09,
36.627,NA,0.09,
42.875,NA,0.09,
,NA,0.11,
46.641,NA,0.08,
43.252,NA,0.07,
38.759,NA,0.07,
38.235,NA,0.09,
41.83,NA,0.05,
46.652,NA,0.1,
36.064,NA,0.08,
,NA,0.04,
36.627,NA,0.05,
42.875,NA,0.05,
43.252,NA,0.05,
38.759,NA,0.06,
41.83,NA,0.06,
38.235,NA,0.05,
46.652,NA,0.06,
36.064,NA,0.13,
38.759,NA,0.05,
,NA,0.06,
43.252,NA,0.06,
42.875,NA,0.06,
36.627,NA,0.06,
41.83,NA,0.08,
38.235,NA,0.09,
46.652,NA,0.06,
42.875,NA,0.07,
38.759,NA,0.05,
,NA,0.04,
36.627,NA,0.05,
43.252,NA,0.07,
41.83,NA,0.07,
38.235,NA,0.06,
41.591,NA,0.66,
39.61,NA,0.81,
40.019,NA,0.97,
42.885,NA,0.9,
41.999,NA,0.61,
48.254,NA,0.61,
,NA,0.62,
45.97,NA,0.68,
41.311,NA,0.86,
48.254,NA,0.95,
39.61,NA,0.69,
41.311,NA,0.78,
,NA,0.67,
42.885,NA,0.49,
41.591,NA,0.58,
41.999,NA,0.64,
45.97,NA,0.58,
40.019,NA,0.6,
,NA,0.85,
40.019,NA,0.7,
41.999,NA,,
41.591,NA,,
45.97,NA,0.81,
48.254,NA,0.79,
39.61,NA,0.79,
42.885,NA,0.72,
41.311,NA,0.65,
39.61,NA,0.66,
48.254,NA,0.78,
41.311,NA,0.81,
41.591,NA,0.75,
,NA,1.03,
45.97,NA,0.91,
40.019,NA,0.64,
42.885,NA,0.78,
41.999,NA,0.68,
44.516,NA,0.72,
45.423,NA,0.56,
,NA,0.58,
44.166,NA,0.58,
41.239,NA,0.7,
41.268,NA,0.8,
51.747,NA,0.7,
44.364,NA,0.57,
41.558,NA,0.92,
41.239,NA,0.59,
51.995,NA,0.6,
41.268,NA,0.73,
41.558,NA,0.67,
44.166,NA,0.68,
44.364,NA,0.58,
44.516,NA,0.83,
45.423,NA,0.69,
41.558,NA,0.57,
44.166,NA,0.64,
41.239,NA,0.55,
44.364,NA,0.56,
,NA,0.67,
44.516,NA,0.72,
45.423,NA,0.69,
41.268,NA,0.87,
41.239,NA,0.74,
44.166,NA,0.65,
45.423,NA,0.81,
,NA,0.5,
51.995,NA,,
41.558,NA,0.54,
44.364,NA,0.59,
41.268,NA,0.61,
44.516,NA,0.47,
43.615,NA,0.5,
40.885,NA,0.53,
,NA,0.73,
42.458,NA,0.44,
39.386,NA,0.56,
43.359,NA,0.66,
56.004,NA,0.36,
39.638,NA,,
43.556,NA,0.62,
40.885,NA,0.76,
39.386,NA,0.6,
39.638,NA,0.48,
43.556,NA,0.66,
43.359,NA,1.01,
56.004,NA,0.45,
,NA,0.8,
42.458,NA,0.85,
43.615,NA,0.49,
40.885,NA,0.56,
56.004,NA,,
,NA,,
43.359,NA,,
39.638,NA,0.54,
39.386,NA,0.43,
42.458,NA,0.54,
43.556,NA,0.51,
43.615,NA,0.57,
39.386,NA,0.4,
42.458,NA,1.03,
56.004,NA,0.26,
40.885,NA,1.31,
,NA,1.18,
43.556,NA,0.59,
39.638,NA,,
43.359,NA,,
43.615,NA,,
58.475,NA,,
,NA,0.25,
42.134,NA,0.48,
38.1,NA,0.5,
46.663,NA,0.46,
46.045,NA,0.41,
43.779,NA,0.34,
39.622,NA,0.36,
45.171,NA,0.29,
39.622,NA,0.32,
43.779,NA,0.57,
58.475,NA,0.43,
38.1,NA,0.32,
45.171,NA,0.4,
46.045,NA,0.38,
46.663,NA,0.51,
,NA,0.42,
42.134,NA,0.32,
42.134,NA,0.4,
43.779,NA,0.46,
58.475,NA,0.49,
,NA,0.79,
38.1,NA,0.61,
39.622,NA,0.55,
45.171,NA,1.13,
46.045,NA,0.75,
43.306,NA,0.98,
42.02,NA,0.46,
48.025,NA,0.84,
49.948,NA,1.02,
42.177,NA,1.01,
50.102,NA,0.81,
,NA,1.05,
44.209,NA,1,
59.507,NA,0.55,
59.568,NA,0.52,
,NA,0.57,
43.306,NA,0.61,
48.025,NA,0.38,
44.209,NA,0.41,
42.02,NA,0.51,
49.948,NA,0.52,
42.177,NA,0.4,
42.177,NA,0.41,
43.306,NA,0.33,
59.568,NA,0.63,
49.948,NA,0.37,
50.102,NA,0.46,
,NA,0.37,
48.025,NA,0.36,
42.02,NA,0.39,
44.209,NA,0.64,
,NA,0.16,
43.306,NA,0.4,
48.025,NA,0.31,
42.177,NA,0.3,
59.568,NA,0.44,
42.02,NA,0.47,
44.209,NA,0.42,
49.948,NA,0.5,
50.102,NA,0.69,
,NA,0.38,
43.572,NA,0.47,
46.837,NA,0.47,
62.153,NA,0.62,
48.125,NA,0.55,
51.892,NA,0.57,
44.475,NA,0.49,
44.172,NA,0.44,
62.153,NA,0.54,
43.572,NA,0.47,
46.837,NA,0.34,
44.172,NA,0.43,
51.344,NA,0.5,
48.125,NA,0.38,
,NA,0.95,
44.475,NA,0.42,
51.892,NA,0.8,
43.572,NA,0.44,
,NA,0.42,
51.344,NA,0.39,
51.892,NA,0.59,
46.837,NA,0.77,
44.172,NA,0.92,
44.475,NA,0.88,
48.125,NA,0.88,
62.153,NA,0.95,
46.837,NA,0.96,
43.572,NA,0.86,
44.475,NA,1.03,
44.172,NA,0.99,
,NA,1.2,
62.153,NA,1.08,
51.344,NA,0.74,
51.892,NA,1.36,
65.192,NA,1.1,
,NA,0.95,
48.125,NA,0.87,
46.35,NA,0.95,
49.72,NA,1.18,
48.898,NA,1.39,
43.918,NA,1.4,
42.75,NA,1.68,
65.192,NA,1.71,
52.515,NA,1.64,
52.518,NA,1.68,
,NA,1.82,
43.918,NA,1.57,
42.75,NA,1.48,
46.35,NA,1.54,
48.898,NA,,
49.72,NA,1.32,
52.515,NA,1.11,
52.518,NA,0.76,
48.898,NA,0.62,
52.518,NA,0.78,
46.35,NA,0.66,
65.192,NA,,
,NA,1.56,
52.515,NA,1.34,
49.72,NA,0.81,
43.918,NA,0.65,
42.75,NA,0.74,
65.192,NA,0.97,
52.518,NA,0.43,
49.72,NA,0.92,
46.35,NA,0.82,
43.918,NA,0.84,
,NA,0.62,
48.898,NA,0.71,
42.75,NA,0.85,
52.515,NA,0.84,
61.019,NA,0.75,
,NA,0.72,
43.075,NA,0.79,
44.275,NA,0.54,
44.675,NA,0.84,
49.14,NA,0.76,
48.377,NA,0.86,
41.087,NA,1.44,
60.725,NA,1.07,
44.275,NA,0.81,
40.034,NA,1.02,
,NA,0.6,
43.075,NA,0.88,
49.14,NA,0.95,
44.675,NA,1.09,
48.377,NA,1.07,
41.087,NA,0.94,
41.087,NA,,
40.034,NA,,
43.075,NA,,
60.725,NA,,
,NA,1.21,
44.275,NA,1.29,
44.675,NA,1.17,
48.377,NA,1.66,
49.14,NA,1.18,
,NA,1.35,
40.034,NA,0.88,
49.14,NA,1.16,
41.087,NA,1.26,
43.075,NA,0.88,
48.377,NA,0.6,
44.275,NA,0.84,
44.675,NA,0.89,
60.725,NA,0.55,
44.154,NA,0.73,
33.911,NA,0.89,
29.716,NA,1.04,
35.515,NA,0.84,
29.494,NA,1.07,
33.456,NA,0.82,
42.385,NA,1.22,
,NA,1.21,
33.47,NA,1.15,
,NA,1.48,
42.385,NA,1.32,
35.515,NA,0.73,
29.494,NA,0.87,
33.911,NA,0.84,
29.612,NA,1.03,
33.47,NA,1.07,
33.456,NA,0.89,
44.154,NA,0.86,
33.456,NA,1.43,
,NA,1.08,
29.494,NA,1.32,
33.911,NA,1.28,
44.154,NA,1.81,
35.515,NA,1.51,
33.47,NA,1.84,
42.385,NA,0.9,
29.612,NA,1.16,
,NA,1.17,
33.911,NA,1.09,
29.612,NA,1.11,
42.385,NA,1.6,
33.456,NA,1.11,
32.383,NA,0.76,
35.515,NA,1.37,
44.154,NA,1.47,
29.494,NA,1.14,
33.47,NA,1.23,
24.091,NA,0.97,
28.907,NA,0.97,
25.101,NA,1.07,
24.876,NA,1.1,
,NA,0.96,
33.452,NA,0.7,
24.533,NA,0.45,
25.517,NA,0.67,
25.517,NA,1.28,
32.3,NA,0.94,
24.876,NA,1.17,
33.452,NA,1,
24.091,NA,1.34,
25.101,NA,1.16,
28.907,NA,1.08,
,NA,0.89,
24.533,NA,0.92,
25.101,NA,1.01,
24.876,NA,1.34,
,NA,1.1,
32.256,NA,1.09,
25.517,NA,1.38,
33.452,NA,1.24,
24.091,NA,1.43,
28.907,NA,1.33,
24.533,NA,1.45,
25.101,NA,1.5,
32.256,NA,1.25,
33.452,NA,0.86,
24.091,NA,0.78,
24.876,NA,0.96,
25.517,NA,0.5,
28.907,NA,0.64,
24.533,NA,0.44,
21.034,NA,1.02,
23.813,NA,0.7,
23.866,NA,0.82,
20.992,NA,0.8,
21.331,NA,0.72,
20.142,NA,0.91,
21.375,NA,0.55,
24.049,NA,0.85,
21.034,NA,0.55,
23.778,NA,0.87,
23.813,NA,0.72,
20.992,NA,0.38,
20.142,NA,0.44,
24.049,NA,1.28,
21.375,NA,0.98,
21.331,NA,1.02,
20.992,NA,1.39,
24.049,NA,1.06,
20.142,NA,1.15,
21.331,NA,1.27,
23.778,NA,1.11,
21.034,NA,1.58,
23.813,NA,1.03,
21.375,NA,0.74,
23.778,NA,0.76,
21.034,NA,0.86,
20.992,NA,0.52,
23.813,NA,0.66,
24.049,NA,0.66,
20.142,NA,0.74,
21.331,NA,0.84,
21.375,NA,0.7,
18.104,NA,0.55,
19.63,NA,0.54,
17.517,NA,0.59,
18.231,NA,0.72,
19.937,NA,0.58,
17.832,NA,0.72,
18.732,NA,0.64,
18.231,NA,0.8,
17.999,NA,0.53,
19.63,NA,0.51,
19.552,NA,0.46,
19.937,NA,0.4,
17.517,NA,0.56,
17.721,NA,0.52,
18.732,NA,0.44,
18.231,NA,0.43,
19.552,NA,0.41,
19.63,NA,0.5,
17.999,NA,0.69,
17.517,NA,0.57,
19.937,NA,0.62,
17.721,NA,0.69,
18.732,NA,0.35,
18.231,NA,0.53,
19.63,NA,0.41,
17.999,NA,0.4,
19.552,NA,0.45,
19.937,NA,0.64,
17.517,NA,0.46,
15.118,NA,0.58,
15.416,NA,0.56,
16.986,NA,0.68,
15.078,NA,0.7,
15.968,NA,0.5,
16.293,NA,0.53,
15.116,NA,0.53,
15.141,NA,0.47,
15.986,NA,0.5,
15.118,NA,0.49,
16.986,NA,0.54,
15.116,NA,0.54,
15.416,NA,0.45,
16.293,NA,0.56,
15.141,NA,0.58,
15.078,NA,0.69,
15.116,NA,0.71,
15.078,NA,0.48,
15.416,NA,0.64,
15.141,NA,0.67,
16.293,NA,0.62,
15.118,NA,0.76,
15.078,NA,0.57,
15.416,NA,0.63,
16.986,NA,0.61,
15.141,NA,0.4,
15.993,NA,0.58,
15.116,NA,0.39,
16.293,NA,0.36,
15.435,NA,0.64,
14.966,NA,0.65,
16.217,NA,0.54,
15.149,NA,0.51,
15.295,NA,0.59,
15.417,NA,0.35,
14.966,NA,0.32,
15.324,NA,0.48,
14.354,NA,0.58,
16.203,NA,0.48,
16.217,NA,0.48,
15.149,NA,0.51,
14.354,NA,0.66,
15.324,NA,0.42,
16.203,NA,0.31,
15.295,NA,0.4,
14.966,NA,0.64,
15.417,NA,0.98,
15.149,NA,0.78,
14.354,NA,0.53,
15.295,NA,0.52,
15.324,NA,0.64,
,NA,0.44,
16.217,NA,0.77,
16.203,NA,0.7,
15.149,NA,0.63,
14.966,NA,0.59,
,NA,0.78,
15.324,NA,0.78,
16.203,NA,0.5,
14.354,NA,0.7,
16.217,NA,0.53,
15.295,NA,0.67,
15.417,NA,0.47,
13.907,NA,0.53,
13.645,NA,0.61,
15.181,NA,0.49,
15.311,NA,0.79,
14.31,NA,0.72,
13.534,NA,0.63,
14.289,NA,0.89,
16.041,NA,0.51,
13.907,NA,0.47,
15.181,NA,0.52,
16.041,NA,0.48,
13.534,NA,0.57,
14.289,NA,0.51,
13.645,NA,0.77,
14.31,NA,0.5,
15.311,NA,0.45,
15.311,NA,0.95,
13.534,NA,0.46,
16.041,NA,0.53,
13.907,NA,0.52,
13.948,NA,0.58,
14.31,NA,0.52,
15.181,NA,0.5,
14.289,NA,0.37,
13.645,NA,0.34,
15.181,NA,0.49,
13.948,NA,0.36,
14.31,NA,0.38,
13.645,NA,0.31,
13.534,NA,0.49,
14.289,NA,0.46,
15.311,NA,0.44,
16.041,NA,0.45,
15.892,NA,0.57,
15.067,NA,0.5,
15.628,NA,0.46,
16.358,NA,0.43,
14.68,NA,0.76,
14.433,NA,0.73,
15.067,NA,0.53,
15.628,NA,0.36,
16.358,NA,0.32,
14.68,NA,0.35,
13.689,NA,0.42,
14.433,NA,0.59,
13.138,NA,0.61,
15.892,NA,0.57,
15.628,NA,0.62,
14.68,NA,0.58,
15.067,NA,0.39,
16.358,NA,0.33,
14.433,NA,0.28,
15.892,NA,0.51,
13.689,NA,0.34,
13.138,NA,0.56,
15.628,NA,0.42,
16.358,NA,0.4,
13.138,NA,0.36,
14.433,NA,0.47,
15.067,NA,0.45,
13.689,NA,0.43,
14.68,NA,0.54,
15.892,NA,0.44,
17.788,NA,0.49,
16.48,NA,0.5,
17.671,NA,0.42,
17.788,NA,0.32,
15.735,NA,0.38,
17.671,NA,0.38,
17.797,NA,0.55,
16.024,NA,0.33,
17.029,NA,0.56,
18.94,NA,0.31,
16.48,NA,0.38,
16.024,NA,0.39,
15.735,NA,0.46,
17.029,NA,0.32,
17.797,NA,0.34,
18.94,NA,0.34,
17.788,NA,0.34,
17.671,NA,0.46,
17.797,NA,0.27,
16.024,NA,0.41,
18.94,NA,0.5,
16.48,NA,0.6,
17.029,NA,0.32,
15.735,NA,,
16.48,NA,1.31,
17.671,NA,0.58,
15.735,NA,0.4,
16.024,NA,0.42,
17.797,NA,,
17.788,NA,,
17.029,NA,,
18.94,NA,,
20.084,NA,,
18.126,NA,,
23.749,NA,,
19.422,NA,,
19.675,NA,,
18.962,NA,0.55,
21.431,NA,0.62,
18.126,NA,0.47,
18.962,NA,0.45,
19.675,NA,,
19.422,NA,,
23.749,NA,,
21.431,NA,,
20.084,NA,,
18.787,NA,,
23.749,NA,,
19.422,NA,,
21.431,NA,,
19.675,NA,,
18.962,NA,,
20.084,NA,,
18.126,NA,,
18.787,NA,,
18.126,NA,,
21.431,NA,,
19.675,NA,,
19.422,NA,,
18.787,NA,,
20.084,NA,,
23.749,NA,,
18.962,NA,,
24.585,NA,,
21.344,NA,,
35.394,NA,,
23.68,NA,,
27.104,NA,,
28.764,NA,,
26.003,NA,,
23.416,NA,,
28.764,NA,,
26.003,NA,,
35.394,NA,,
21.344,NA,,
27.104,NA,,
23.68,NA,,
23.416,NA,,
24.585,NA,0.45,
27.104,NA,0.55,
23.68,NA,0.89,
21.344,NA,0.7,
24.585,NA,0.46,
26.003,NA,0.65,
23.416,NA,0.45,
28.764,NA,0.65,
35.394,NA,0.72,
43.649,NA,0.64,
39.103,NA,0.52,
37.408,NA,0.58,
39.359,NA,0.47,
37.722,NA,0.53,
39.392,NA,0.72,
35.334,NA,0.59,
40.375,NA,0.72,
39.103,NA,0.5,
35.334,NA,0.46,
37.408,NA,0.72,
43.649,NA,0.76,
39.359,NA,0.55,
37.722,NA,0.65,
40.375,NA,0.62,
39.392,NA,0.64,
39.103,NA,0.58,
37.408,NA,0.6,
39.359,NA,0.67,
35.334,NA,0.68,
37.722,NA,0.82,
43.649,NA,0.89,
39.392,NA,1.04,
40.375,NA,0.93,
39.103,NA,0.75,
37.722,NA,0.64,
40.375,NA,0.67,
43.649,NA,0.91,
35.334,NA,0.64,
39.359,NA,0.93,
37.408,NA,0.8,
39.392,NA,1.04,
48.166,NA,0.83,
41.421,NA,0.81,
43.437,NA,1,
44.399,NA,0.79,
40.6,NA,0.98,
42.371,NA,0.65,
42.693,NA,0.71,
43.438,NA,0.83,
40.6,NA,0.81,
43.438,NA,1.15,
42.693,NA,0.92,
43.437,NA,0.78,
41.421,NA,0.67,
42.371,NA,0.81,
48.293,NA,0.95,
44.399,NA,0.7,
41.421,NA,0.72,
42.371,NA,0.83,
43.437,NA,0.78,
48.293,NA,1,
42.693,NA,0.95,
44.399,NA,0.56,
40.6,NA,0.52,
41.421,NA,0.77,
40.6,NA,0.68,
43.437,NA,0.62,
42.693,NA,0.62,
44.399,NA,0.55,
43.438,NA,0.65,
48.293,NA,0.62,
43.821,NA,0.84,
45.326,NA,0.75,
46.374,NA,0.76,
44.518,NA,0.9,
47.975,NA,0.84,
46.016,NA,0.71,
45.587,NA,0.69,
49.484,NA,0.82,
46.374,NA,0.95,
45.326,NA,0.59,
45.587,NA,0.63,
44.518,NA,0.78,
46.016,NA,0.75,
43.821,NA,0.92,
49.475,NA,0.64,
47.975,NA,0.77,
44.518,NA,0.73,
46.016,NA,0.69,
47.975,NA,0.64,
49.462,NA,0.63,
45.326,NA,0.65,
46.374,NA,0.68,
43.821,NA,0.64,
45.587,NA,0.53,
49.462,NA,0.67,
44.518,NA,0.76,
47.975,NA,0.8,
46.016,NA,0.95,
45.587,NA,0.85,
43.821,NA,0.76,
46.374,NA,0.64,
45.291,NA,0.66,
47.23,NA,0.6,
44.708,NA,0.69,
47.816,NA,0.63,
50.091,NA,0.63,
46.444,NA,0.65,
47.121,NA,0.75,
47.232,NA,0.73,
47.75,NA,0.64,
45.291,NA,0.61,
47.23,NA,0.57,
46.444,NA,0.52,
50.091,NA,0.52,
47.121,NA,0.55,
47.232,NA,0.49,
44.708,NA,0.45,
47.23,NA,0.47,
47.75,NA,0.54,
47.121,NA,0.52,
45.291,NA,0.52,
47.232,NA,0.52,
46.444,NA,0.44,
44.708,NA,0.38,
50.091,NA,0.62,
47.75,NA,0.53,
47.23,NA,0.6,
50.091,NA,0.67,
44.708,NA,0.64,
46.444,NA,0.52,
47.232,NA,0.78,
49.651,NA,0.44,
46.592,NA,0.44,
43.295,NA,0.48,
49.296,NA,0.46,
47.17,NA,0.44,
45.254,NA,0.47,
46.352,NA,0.48,
43.886,NA,0.77,
46.592,NA,0.62,
49.708,NA,0.61,
46.352,NA,0.81,
43.295,NA,0.86,
47.17,NA,0.66,
43.886,NA,0.52,
45.254,NA,0.48,
49.296,NA,0.56,
45.254,NA,0.58,
46.352,NA,0.55,
47.17,NA,0.49,
43.295,NA,0.48,
46.592,NA,0.52,
43.886,NA,0.49,
49.708,NA,0.54,
49.296,NA,0.46,
49.708,NA,0.48,
43.886,NA,0.49,
49.296,NA,0.45,
47.17,NA,0.49,
43.295,NA,0.47,
46.592,NA,0.57,
46.352,NA,0.64,
43.962,NA,0.58,
52.138,NA,0.55,
43.975,NA,0.49,
45.457,NA,0.49,
46.624,NA,0.48,
40.436,NA,0.45,
38.264,NA,0.46,
43.7,NA,1.47,
52.138,NA,0.66,
45.457,NA,0.23,
38.264,NA,0.25,
43.962,NA,0.37,
43.975,NA,0.37,
43.7,NA,0.28,
46.624,NA,0.25,
45.457,NA,,
52.138,NA,,
40.436,NA,,
46.624,NA,,
43.962,NA,,
43.7,NA,,
43.975,NA,,
38.264,NA,,
43.962,NA,0,
45.457,NA,0,
40.436,NA,0,
46.624,NA,0,
43.975,NA,0,
43.7,NA,0,
52.138,NA,0,
45.879,NA,0,
46.69,NA,,
44.694,NA,,
36.429,NA,,
52.448,NA,,
34.78,NA,0,
45.708,NA,0,
42.72,NA,0,
52.448,NA,0,
42.72,NA,0,
36.429,NA,0,
46.69,NA,0,
44.694,NA,0,
34.78,NA,0,
45.879,NA,,
45.708,NA,,
44.694,NA,,
46.69,NA,,
36.429,NA,,
34.78,NA,,
52.448,NA,,
45.708,NA,,
45.879,NA,,
42.72,NA,,
44.694,NA,,
42.72,NA,,
52.448,NA,,
45.879,NA,,
34.78,NA,,
46.69,NA,,
45.708,NA,,
36.429,NA,,
35.352,NA,,
46.804,NA,,
45.169,NA,,
47.674,NA,0.38,
48.02,NA,0.52,
44.959,NA,0.45,
56.499,NA,0.47,
38.071,NA,0.49,
47.674,NA,0.5,
56.499,NA,0.6,
38.071,NA,0.6,
46.804,NA,0.57,
35.352,NA,0.55,
44.959,NA,0.48,
48.02,NA,0.51,
45.169,NA,0.5,
46.804,NA,0.54,
47.674,NA,0.44,
38.071,NA,0.42,
35.352,NA,0.42,
44.959,NA,0.44,
56.499,NA,0.5,
48.02,NA,0.59,
45.169,NA,0.51,
38.071,NA,0.53,
45.169,NA,0.48,
47.674,NA,0.53,
46.804,NA,0.48,
35.352,NA,0.5,
48.02,NA,0.38,
44.959,NA,0.62,
56.499,NA,0.64,
47.914,NA,0.55,
59.481,NA,0.59,
48.021,NA,0.65,
49.331,NA,0.58,
46.813,NA,0.59,
40.336,NA,0.62,
39.609,NA,0.53,
48.707,NA,0.55,
48.707,NA,0.66,
39.609,NA,0.66,
48.021,NA,0.66,
40.336,NA,0.59,
59.481,NA,0.81,
47.914,NA,0.67,
49.331,NA,0.43,
46.813,NA,0.36,
59.481,NA,0.37,
48.021,NA,0.47,
40.336,NA,0.39,
47.914,NA,0.54,
39.609,NA,0.36,
49.331,NA,0.39,
46.813,NA,0.36,
48.707,NA,0.2,
60.732,NA,0,
49.062,NA,0,
47.787,NA,0,
48.267,NA,0,
49.548,NA,0,
48.709,NA,0,
39.638,NA,0,
39.985,NA,0,
39.638,NA,0,
48.267,NA,0,
47.787,NA,0,
60.732,NA,0,
39.985,NA,0,
49.556,NA,0,
48.709,NA,0,
49.062,NA,0,
49.556,NA,0,
39.638,NA,0,
48.267,NA,0,
60.732,NA,0,
39.985,NA,0,
47.787,NA,0,
48.709,NA,0,
49.062,NA,0,
49.556,NA,0,
39.985,NA,0,
49.062,NA,,
39.638,NA,,
48.267,NA,0,
48.709,NA,0,
47.787,NA,0,
60.732,NA,0,
49.244,NA,0,
50.293,NA,0,
40.286,NA,0,
51.398,NA,0,
42.475,NA,0,
57.017,NA,0,
50.938,NA,0,
48.493,NA,0,
40.286,NA,0,
51.026,NA,0,
51.398,NA,,
56.985,NA,,
50.293,NA,0,
42.475,NA,0,
48.493,NA,0,
49.244,NA,0,
56.985,NA,0,
51.398,NA,0,
42.475,NA,0,
50.293,NA,0,
51.026,NA,0,
48.493,NA,0,
49.244,NA,0,
40.286,NA,0,
49.244,NA,0,
51.026,NA,0,
56.985,NA,0,
50.293,NA,0,
42.475,NA,0,
51.398,NA,0,
48.493,NA,0,
51.76,NA,0,
50.55,NA,0,
56.961,NA,0,
52.094,NA,0,
54.026,NA,0,
45.208,NA,0,
50.444,NA,0,
44.305,NA,0,
50.444,NA,0,
56.961,NA,0,
52.094,NA,0,
51.76,NA,0,
45.208,NA,0,
44.305,NA,0,
50.55,NA,0,
54.026,NA,0,
56.961,NA,0,
50.444,NA,0,
45.208,NA,0,
44.305,NA,0,
52.094,NA,0,
50.55,NA,0,
54.026,NA,0,
56.961,NA,0,
45.208,NA,0,
52.094,NA,0,
44.305,NA,0,
50.444,NA,0,
51.76,NA,0,
54.026,NA,0,
50.55,NA,0,
58.269,NA,0,
46.999,NA,0,
51.316,NA,0,
46.776,NA,0,
51.541,NA,0,
52.105,NA,0,
46.323,NA,0,
58.269,NA,0,
51.316,NA,0,
51.541,NA,0,
46.776,NA,0,
46.999,NA,0,
46.323,NA,0,
52.105,NA,0,
48.303,NA,0,
46.776,NA,0,
58.269,NA,0,
51.316,NA,0,
46.999,NA,0,
52.105,NA,0,
48.303,NA,0,
51.541,NA,0,
46.323,NA,0,
52.105,NA,0,
58.269,NA,0,
46.776,NA,0,
46.999,NA,,
51.541,NA,0,
48.303,NA,0,
46.323,NA,0,
51.316,NA,0,
52.071,NA,0,
39.316,NA,0,
37.305,NA,0,
41.997,NA,0,
45.829,NA,0,
35.783,NA,0,
47.36,NA,0,
47.133,NA,0,
45.829,NA,0,
35.783,NA,0,
47.133,NA,0,
37.305,NA,0,
39.316,NA,0,
47.36,NA,,
35.783,NA,,
41.997,NA,0,
47.133,NA,0,
51.888,NA,0,
37.305,NA,0,
45.829,NA,,
47.36,NA,,
39.316,NA,,
51.888,NA,,
35.783,NA,,
47.133,NA,,
45.829,NA,0,
39.316,NA,,
41.997,NA,0.53,
47.36,NA,0.81,
37.305,NA,0.66,
39.584,NA,0.66,
26.793,NA,0.67,
39.085,NA,0.78,
35.788,NA,0.78,
35.438,NA,0.8,
28.958,NA,0.77,
36.404,NA,0.68,
32.726,NA,0.61,
39.479,NA,0.7,
39.085,NA,0.66,
35.438,NA,0.61,
28.958,NA,0.65,
32.726,NA,0.67,
35.788,NA,0.69,
36.404,NA,0.7,
26.793,NA,0.68,
39.377,NA,0.71,
36.404,NA,0.86,
39.085,NA,0.72,
35.438,NA,0.59,
28.958,NA,0.7,
32.726,NA,0.74,
35.788,NA,0.69,
32.726,NA,0.75,
35.788,NA,0.82,
28.958,NA,0.85,
39.377,NA,0.81,
36.404,NA,0.81,
26.793,NA,0.75,
39.085,NA,0.7,
35.438,NA,0.95,
29.048,NA,0.83,
29.082,NA,0.74,
24.129,NA,0.8,
27.349,NA,0.77,
25.315,NA,0.85,
28.319,NA,0.93,
31.38,NA,0.79,
26.507,NA,0.82,
24.129,NA,0.81,
27.349,NA,0.9,
31.38,NA,0.65,
29.082,NA,0.72,
25.315,NA,0.97,
28.319,NA,0.98,
28.915,NA,0.88,
24.129,NA,0.86,
31.38,NA,0.99,
29.082,NA,1.07,
28.319,NA,0.32,
25.315,NA,0.13,
27.349,NA,0.11,
28.319,NA,0.4,
24.129,NA,0.23,
31.38,NA,0.34,
27.349,NA,0.29,
28.915,NA,0.16,
26.507,NA,0.25,
25.315,NA,0,
29.082,NA,0,
23.416,NA,0,
23.318,NA,0,
25.713,NA,0,
25.621,NA,0,
24.502,NA,0,
24.302,NA,0,
24.592,NA,0,
21.93,NA,0.69,
23.042,NA,1.08,
25.713,NA,1.17,
25.621,NA,1.25,
23.318,NA,1.17,
24.302,NA,1.03,
21.93,NA,1.37,
24.592,NA,1.19,
24.502,NA,1.13,
25.713,NA,1.42,
24.302,NA,1.3,
23.318,NA,1.37,
21.93,NA,1.45,
24.502,NA,1.11,
24.592,NA,1.15,
23.042,NA,1.31,
25.621,NA,1.87,
23.318,NA,1.79,
24.302,NA,1.77,
25.713,NA,1.9,
25.621,NA,1.89,
23.042,NA,2.13,
24.592,NA,2,
21.93,NA,2.27,
24.502,NA,1.89,
19.418,NA,1.8,
21.185,NA,1.3,
19.767,NA,0.66,
20.819,NA,1.05,
20.375,NA,1.4,
18.871,NA,0.97,
22.203,NA,1.05,
20.874,NA,1.38,
19.418,NA,1.17,
19.767,NA,1.87,
,NA,1.74,
18.871,NA,2.31,
22.203,NA,2.44,
20.819,NA,2.5,
20.874,NA,2.52,
20.375,NA,2.65,
21.185,NA,3.08,
19.418,NA,2.91,
,NA,2.47,
22.203,NA,1.96,
20.375,NA,2.31,
20.819,NA,1.48,
18.871,NA,1.39,
19.767,NA,1.14,
21.185,NA,2.41,
20.874,NA,2.83,
,NA,2.15,
19.418,NA,3.83,
21.185,NA,3.75,
22.203,NA,2.82,
20.375,NA,1.7,
20.874,NA,0.86,
18.871,NA,0.87,
20.819,NA,0.7,
19.767,NA,1.39,
17.54,NA,1.74,
16.709,NA,0.86,
17.613,NA,1.2,
17.718,NA,0.96,
18.889,NA,1.53,
18.701,NA,2.16,
17.705,NA,1.71,
16.527,NA,1.41,
18.822,NA,1.22,
17.718,NA,1.37,
18.889,NA,1.24,
17.54,NA,1.63,
16.679,NA,2,
17.705,NA,2.11,
16.527,NA,1.7,
18.822,NA,1.74,
18.701,NA,1.42,
17.613,NA,,
16.527,NA,,
16.679,NA,,
17.705,NA,,
17.613,NA,,
17.54,NA,,
17.718,NA,,
18.889,NA,,
18.701,NA,1.47,
18.822,NA,1.66,
17.54,NA,1.92,
16.679,NA,1.36,
17.705,NA,1.44,
17.613,NA,1.25,
16.527,NA,1.2,
18.889,NA,1.23,
17.718,NA,1.24,
18.701,NA,1.2,
18.822,NA,1.1,
16.12,NA,0.82,
15.654,NA,0.68,
17.047,NA,1.98,
17.735,NA,1.26,
16.369,NA,1.04,
15.94,NA,0.92,
15.919,NA,0.94,
17.951,NA,0.92,
15.843,NA,0.92,
15.94,NA,0.94,
15.84,NA,0.82,
17.735,NA,0.77,
15.654,NA,0.66,
17.037,NA,0.64,
16.369,NA,0.63,
15.919,NA,0.64,
17.951,NA,0.61,
16.12,NA,0.64,
16.369,NA,0.63,
17.037,NA,0.59,
17.735,NA,0.52,
15.94,NA,0.44,
15.654,NA,0.53,
15.919,NA,0.59,
17.951,NA,1.53,
16.12,NA,0.76,
15.84,NA,0.72,
17.735,NA,0.71,
17.037,NA,0.66,
15.654,NA,0.67,
16.369,NA,0.61,
15.919,NA,0.61,
15.94,NA,0.54,
17.951,NA,,
15.76,NA,0.52,
17.026,NA,0.55,
15.83,NA,0.47,
17.845,NA,0.56,
15.182,NA,0.62,
15.395,NA,0.65,
16.346,NA,0.74,
16.361,NA,0.71,
16.358,NA,0.63,
17.026,NA,0.69,
15.76,NA,0.75,
15.395,NA,0.69,
14.989,NA,0.69,
16.361,NA,0.64,
15.83,NA,0.57,
17.845,NA,0.88,
15.182,NA,0.92,
14.954,NA,1.31,
17.026,NA,0.78,
15.395,NA,0.76,
16.361,NA,0.89,
15.76,NA,0.84,
17.845,NA,0.75,
15.182,NA,0.84,
16.358,NA,0.86,
15.83,NA,0.9,
15.76,NA,0.74,
14.954,NA,0.93,
15.182,NA,0.9,
15.395,NA,0.37,
16.361,NA,1.04,
17.026,NA,1.03,
17.845,NA,0.94,
15.83,NA,0.78,
16.358,NA,0.77,
16.746,NA,0.78,
15.392,NA,0.85,
17.648,NA,0.96,
15.22,NA,0.29,
16.137,NA,0.24,
14.569,NA,0.26,
16.431,NA,0.24,
17.255,NA,0.62,
15.598,NA,0.99,
14.567,NA,0.94,
16.137,NA,0.82,
17.255,NA,0.81,
16.746,NA,0.78,
15.392,NA,0.96,
15.598,NA,0.94,
17.648,NA,0.92,
16.431,NA,0.81,
15.22,NA,1.16,
15.22,NA,0.92,
14.564,NA,0.62,
16.431,NA,0.6,
17.648,NA,0.75,
16.746,NA,0.64,
15.392,NA,0.55,
16.137,NA,0.75,
17.255,NA,0.72,
15.598,NA,0.51,
15.392,NA,0.64,
16.137,NA,0.74,
14.564,NA,0.87,
15.22,NA,2.31,
16.746,NA,0.89,
17.648,NA,0.8,
15.598,NA,0.95,
17.255,NA,0.79,
16.431,NA,0.62,
17.366,NA,0.53,
16.167,NA,0.57,
17.918,NA,0.7,
15.732,NA,0.7,
20.574,NA,0.68,
17.451,NA,0.54,
16.437,NA,0.61,
19.929,NA,0.64,
18.55,NA,0.66,
17.366,NA,0.63,
17.918,NA,0.66,
16.647,NA,0.59,
15.732,NA,0.69,
17.451,NA,0.61,
20.795,NA,0.63,
18.55,NA,0.58,
16.437,NA,0.63,
19.929,NA,0.58,
15.732,NA,0.53,
18.55,NA,0.48,
17.366,NA,0.97,
17.918,NA,0.98,
19.929,NA,0.74,
17.451,NA,0.92,
16.437,NA,1.56,
16.69,NA,1.26,
17.366,NA,1.24,
16.69,NA,1.8,
18.55,NA,1.23,
17.918,NA,,
17.451,NA,2.81,
20.795,NA,2.1,
19.929,NA,0.75,
15.732,NA,,
16.437,NA,,
20.773,NA,,
20.9,NA,2.82,
21.376,NA,,
22.379,NA,,
19.304,NA,,
19.082,NA,,
19.49,NA,,
21.076,NA,0,
22.943,NA,,
22.379,NA,,
20.9,NA,,
21.419,NA,,
20.773,NA,,
19.082,NA,,
21.129,NA,,
22.943,NA,,
19.49,NA,1.34,
20.773,NA,,
19.082,NA,,
20.9,NA,,
21.419,NA,,
22.379,NA,,
19.304,NA,,
21.129,NA,,
19.49,NA,0.16,
22.943,NA,0.18,
28.061,NA,0.46,
30.832,NA,0.15,
23.52,NA,0.23,
30.214,NA,0.47,
29.421,NA,,
32.939,NA,,
33.891,NA,,
25.459,NA,,
30.691,NA,0,
29.421,NA,0,
23.52,NA,0,
33.891,NA,0.25,
30.691,NA,0.41,
32.939,NA,0.42,
30.214,NA,0.34,
25.459,NA,0.36,
28.061,NA,0.37,
30.832,NA,0.37,
29.421,NA,0.13,
32.939,NA,0.2,
30.832,NA,0.24,
23.52,NA,0.37,
30.214,NA,0.33,
28.061,NA,0.3,
30.691,NA,0.17,
25.459,NA,0.5,
33.891,NA,0.23,
29.421,NA,0.14,
33.891,NA,,
30.214,NA,,
25.459,NA,,
30.832,NA,,
32.939,NA,,
23.52,NA,,
28.061,NA,,
30.691,NA,,
39.028,NA,,
39.864,NA,,
37.523,NA,,
37.394,NA,,
43.804,NA,,
38.459,NA,,
41.126,NA,,
40.262,NA,0.32,
39.746,NA,1.01,
38.459,NA,0.04,
39.028,NA,0,
44.036,NA,0,
41.126,NA,,
37.523,NA,,
37.394,NA,0,
39.746,NA,0.04,
39.864,NA,0,
40.262,NA,0,
39.028,NA,0,
39.864,NA,0,
39.746,NA,0,
41.126,NA,0,
37.523,NA,0,
37.394,NA,0,
38.459,NA,0,
44.036,NA,0,
39.028,NA,0,
37.394,NA,0,
38.459,NA,0,
44.036,NA,0,
37.523,NA,0,
40.262,NA,0,
39.746,NA,0,
39.864,NA,0,
41.126,NA,0,
42.397,NA,0,
43.283,NA,0,
41.963,NA,0,
42.271,NA,0,
44.639,NA,0,
40.574,NA,0,
41.886,NA,0.02,
46.468,NA,0,
43.024,NA,0,
42.397,NA,0,
42.271,NA,0.06,
46.468,NA,0,
43.024,NA,0,
44.639,NA,0,
43.283,NA,0,
41.886,NA,0,
41.963,NA,0,
40.574,NA,0,
42.397,NA,0,
46.468,NA,0,
41.963,NA,0,
43.283,NA,0,
43.024,NA,0,
41.886,NA,0,
40.574,NA,0,
42.271,NA,0,
44.639,NA,0,
42.397,NA,0,
43.283,NA,0.09,
41.963,NA,0,
41.886,NA,0,
46.468,NA,0.01,
44.639,NA,0,
40.574,NA,0,
43.769,NA,0.01,
43.832,NA,0,
43.263,NA,0,
47.45,NA,0.01,
47.218,NA,0,
45.167,NA,0.01,
44.063,NA,0,
42.88,NA,0,
44.673,NA,0.02,
43.832,NA,0,
43.263,NA,0.01,
42.88,NA,0,
43.769,NA,0.01,
47.218,NA,0,
44.673,NA,0,
44.063,NA,0,
47.45,NA,0,
45.167,NA,0.32,
43.769,NA,1.13,
43.832,NA,0.81,
47.45,NA,0.01,
43.263,NA,0,
44.063,NA,0,
42.88,NA,0,
45.167,NA,0,
47.218,NA,0.02,
44.673,NA,0,
47.45,NA,0,
43.769,NA,0,
43.263,NA,0.01,
43.832,NA,0.01,
47.218,NA,0.01,
44.063,NA,0,
42.88,NA,0,
44.673,NA,0,
45.167,NA,0,
45.03,NA,0.01,
46.901,NA,0,
44.728,NA,0,
45.121,NA,0.01,
43.71,NA,0,
45.103,NA,0.01,
45.114,NA,0,
43.346,NA,0.01,
48.557,NA,0.02,
43.71,NA,0.01,
45.114,NA,0,
45.103,NA,0,
46.901,NA,0.01,
43.346,NA,0,
44.728,NA,0.01,
48.557,NA,0.01,
45.121,NA,0.01,
43.346,NA,0,
45.121,NA,0.02,
45.103,NA,0,
45.03,NA,0,
46.901,NA,0.02,
44.728,NA,0.01,
45.114,NA,0.01,
43.71,NA,0.02,
48.557,NA,0,
43.71,NA,0.02,
43.346,NA,0,
44.728,NA,0.01,
45.114,NA,0,
48.557,NA,0.01,
45.03,NA,0.01,
46.901,NA,0.01,
45.103,NA,0,
45.121,NA,0,
45.491,NA,0.05,
43.38,NA,0.17,
46.453,NA,0.05,
42.217,NA,0.01,
46.662,NA,0,
46.022,NA,0,
48.365,NA,0,
45.458,NA,0,
46.337,NA,0.02,
46.662,NA,0.04,
42.217,NA,0.03,
45.458,NA,0,
43.38,NA,0,
46.337,NA,0,
46.022,NA,0,
46.453,NA,0,
45.467,NA,0,
48.365,NA,0,
46.022,NA,0,
42.217,NA,0,
48.365,NA,0,
43.38,NA,0,
45.458,NA,0,
46.337,NA,0,
45.467,NA,0,
46.662,NA,0,
46.453,NA,0,
46.022,NA,0,
46.337,NA,0,
45.458,NA,0,
42.217,NA,0,
45.467,NA,0,
48.365,NA,0,
46.453,NA,0,
46.662,NA,0,
43.38,NA,0,
45.948,NA,0,
46.835,NA,0,
47.577,NA,0,
51.21,NA,0,
38.218,NA,0,
44.656,NA,0,
46.025,NA,0.01,
47.577,NA,0.01,
40.563,NA,0,
47.164,NA,0.01,
45.948,NA,0,
40.563,NA,0,
38.218,NA,0,
51.24,NA,0.01,
47.164,NA,0,
45.948,NA,0,
46.025,NA,0,
46.835,NA,0,
40.563,NA,0,
38.218,NA,0,
51.24,NA,0,
47.577,NA,0.5,
47.164,NA,0.36,
44.656,NA,0.86,
46.025,NA,0.51,
45.948,NA,0,
51.24,NA,0.1,
38.218,NA,0.21,
40.563,NA,0.5,
46.835,NA,0.43,
44.656,NA,0.46,
47.164,NA,0.72,
46.115,NA,0.6,
54.576,NA,0.86,
47.172,NA,0.67,
46.732,NA,0.8,
48.101,NA,0.72,
38.53,NA,0.43,
39.069,NA,0.57,
49.124,NA,0.6,
49.784,NA,0.86,
39.069,NA,0.62,
46.115,NA,0.67,
46.732,NA,0.33,
48.101,NA,0.5,
49.124,NA,0.42,
38.53,NA,0.67,
54.576,NA,0.61,
47.172,NA,0.76,
49.784,NA,0.76,
54.576,NA,0.88,
49.784,NA,0.72,
46.115,NA,0.74,
39.069,NA,0.47,
39.069,NA,0.42,
46.732,NA,0.75,
46.732,NA,0.53,
38.53,NA,0.76,
47.172,NA,0.73,
46.115,NA,0.83,
48.101,NA,0.77,
54.576,NA,0.56,
38.53,NA,0.32,
49.784,NA,0.98,
47.172,NA,0.76,
49.124,NA,0.94,
41.309,NA,0.61,
51.071,NA,0.82,
50.471,NA,1.11,
57.373,NA,0.62,
48.291,NA,0.69,
52.927,NA,0.59,
39.789,NA,0.62,
49.485,NA,0.93,
47.836,NA,1.21,
57.487,NA,1.02,
47.836,NA,0.93,
49.485,NA,1.52,
51.071,NA,0.39,
52.927,NA,1.04,
50.471,NA,0.8,
48.291,NA,0.78,
39.789,NA,0.96,
41.309,NA,1,
41.309,NA,0.63,
52.927,NA,1,
47.836,NA,0.5,
51.071,NA,0.89,
57.487,NA,0.87,
50.471,NA,0.94,
39.789,NA,1.03,
49.485,NA,0.97,
48.291,NA,1.29,
40.082,NA,0.83,
41.161,NA,0.96,
47.136,NA,1.07,
59.539,NA,0.79,
52.02,NA,1.03,
52.932,NA,0.82,
50.21,NA,0.8,
51.658,NA,0.66,
51.956,NA,0.73,
59.728,NA,1.06,
40.082,NA,0.9,
47.136,NA,0.84,
51.956,NA,0.76,
52.932,NA,1.09,
50.21,NA,0.76,
41.161,NA,0.91,
52.02,NA,0.89,
51.658,NA,1,
50.21,NA,0.99,
47.136,NA,0.86,
52.02,NA,1.42,
40.082,NA,0.94,
59.728,NA,1.19,
51.956,NA,0.84,
51.658,NA,1.2,
52.932,NA,0.39,
41.161,NA,0.58,
47.136,NA,0.68,
41.161,NA,0.53,
50.21,NA,0.7,
52.02,NA,0.86,
48.687,NA,1.09,
41.028,NA,0.73,
51.956,NA,0.69,
52.932,NA,0.62,
59.728,NA,0.55,
40.082,NA,0.61,
51.658,NA,1.17,
51.893,NA,0.79,
48.687,NA,0.78,
52.881,NA,0.56,
51.893,NA,0.76,
49.054,NA,0.84,
51.454,NA,1.01,
44.48,NA,0.77,
52.613,NA,0.75,
41.028,NA,0.77,
49.655,NA,0.59,
52.037,NA,0.42,
47.806,NA,0.29,
46.576,NA,0.72,
51.898,NA,0.43,
61.402,NA,0.37,
50.218,NA,0.49,
53.376,NA,0.46,
46.549,NA,0.38,
49.203,NA,0.38,
39.219,NA,0.47,
41.306,NA,0.37,
49.217,NA,0.59,
47.745,NA,0.47,
40.578,NA,0.45,
43.955,NA,0.34,
49.981,NA,0.24,
41.766,NA,0.48,
49.203,NA,0.3,
41.306,NA,0.2,
41.766,NA,0.32,
39.219,NA,0.3,
47.745,NA,0.29,
40.578,NA,0.39,
48.258,NA,0.4,
43.955,NA,0.53,
49.981,NA,0.47,
40.578,NA,0.31,
41.306,NA,0.17,
49.981,NA,0.38,
43.955,NA,0.27,
47.745,NA,0.5,
41.766,NA,0.43,
48.258,NA,0.63,
49.203,NA,0.26,
39.219,NA,0.08,
41.306,NA,0.35,
39.219,NA,0.51,
40.578,NA,0.1,
47.745,NA,0.54,
48.258,NA,0.54,
49.981,NA,0.24,
41.766,NA,0.28,
49.203,NA,0.5,
43.955,NA,0.48,
36.363,NA,0.15,
32.464,NA,0.51,
31.64,NA,0.49,
38.791,NA,0.27,
39.964,NA,0.28,
33.778,NA,0.76,
38.546,NA,0.62,
33.057,NA,0.57,
38.791,NA,0.42,
39.964,NA,0.56,
35.662,NA,0.29,
32.464,NA,0.53,
35.769,NA,0.29,
31.64,NA,0.22,
33.057,NA,0.24,
38.546,NA,0.28,
33.778,NA,,
38.791,NA,0.45,
35.349,NA,0.55,
32.464,NA,0.18,
33.057,NA,0.3,
31.64,NA,0.47,
38.546,NA,0.61,
39.964,NA,0.38,
35.662,NA,0.57,
33.778,NA,1.49,
32.464,NA,0.82,
39.964,NA,0.68,
35.662,NA,0.94,
31.64,NA,1,
38.791,NA,0.84,
34.975,NA,1.17,
33.057,NA,0.94,
38.546,NA,0.3,
33.778,NA,0.86,
26.212,NA,1.13,
29.99,NA,1.52,
27.702,NA,0.67,
27.566,NA,0.47,
29.056,NA,0.09,
25.95,NA,0.35,
28.068,NA,1.37,
29.543,NA,1.29,
24.774,NA,1.42,
25.95,NA,0.69,
27.512,NA,0.51,
26.212,NA,0.6,
29.543,NA,1.17,
27.702,NA,0.96,
29.056,NA,0.81,
29.99,NA,0.68,
24.774,NA,0.57,
27.566,NA,0.56,
27.702,NA,0.62,
27.566,NA,0.82,
24.774,NA,0.58,
29.99,NA,0.09,
27.044,NA,0.21,
26.212,NA,0.32,
25.95,NA,0.23,
25.95,NA,0.28,
26.212,NA,0.33,
24.774,NA,0.31,
27.566,NA,0.33,
29.056,NA,0.2,
29.99,NA,0.28,
27.702,NA,0.4,
29.543,NA,0.48,
21.969,NA,0.34,
22.457,NA,0.47,
20.909,NA,0.39,
22.125,NA,0.63,
24.534,NA,0.52,
22.576,NA,0.54,
21.529,NA,0.54,
23.771,NA,0.46,
21.969,NA,0.36,
21.529,NA,0.87,
23.771,NA,0.56,
20.806,NA,0.79,
24.534,NA,0.31,
20.909,NA,0.46,
22.457,NA,0.57,
22.125,NA,0.31,
22.576,NA,0.37,
21.969,NA,0.52,
21.529,NA,0.34,
20.806,NA,0.71,
23.771,NA,0.53,
22.576,NA,0.48,
22.125,NA,0.55,
24.534,NA,0.8,
20.909,NA,0.78,
22.457,NA,0.41,
24.534,NA,0.8,
21.529,NA,0.78,
22.576,NA,0.48,
22.457,NA,0.56,
21.969,NA,0.65,
23.771,NA,0.36,
22.125,NA,0.66,
20.909,NA,0.65,
20.368,NA,0.56,
22.299,NA,0.47,
19.833,NA,0.66,
19.271,NA,0.59,
19.849,NA,0.67,
20.809,NA,0.67,
19.464,NA,0.48,
21.639,NA,0.48,
20.65,NA,0.63,
19.833,NA,0.65,
19.849,NA,0.74,
21.639,NA,0.64,
22.299,NA,0.71,
18.983,NA,0.5,
20.368,NA,0.59,
20.809,NA,0.16,
19.464,NA,0.5,
20.65,NA,0.24,
19.833,NA,0.82,
20.368,NA,0.74,
18.812,NA,0.7,
20.809,NA,0.66,
22.299,NA,0.54,
20.65,NA,0.72,
19.849,NA,0.77,
21.639,NA,0.71,
18.635,NA,0.64,
19.833,NA,0.81,
19.849,NA,0.65,
19.464,NA,0.72,
20.65,NA,0.68,
21.639,NA,0.62,
20.368,NA,0.63,
22.299,NA,0.61,
20.809,NA,0.53,
18.538,NA,0.64,
19.197,NA,0.74,
20.637,NA,0.8,
18.612,NA,0.73,
18.187,NA,0.64,
18.912,NA,0.75,
16.689,NA,0.4,
19.745,NA,0.59,
19.777,NA,0.42,
18.538,NA,0.3,
18.912,NA,0.62,
19.197,NA,0.11,
16.787,NA,0.28,
20.637,NA,0.6,
18.612,NA,0.57,
18.187,NA,0.62,
19.745,NA,0.68,
19.777,NA,0.47,
19.197,NA,0.73,
18.538,NA,0.8,
20.637,NA,0.4,
19.745,NA,0.66,
18.187,NA,0.72,
18.612,NA,0.91,
16.785,NA,0.89,
18.912,NA,0.61,
19.777,NA,0.63,
18.612,NA,0.68,
16.785,NA,0.63,
18.538,NA,0.8,
19.777,NA,0.73,
19.197,NA,0.6,
20.637,NA,0.7,
19.745,NA,0.73,
18.912,NA,0.64,
18.187,NA,0.64,
16.839,NA,0.98,
17.074,NA,0.55,
18.768,NA,0.47,
16.764,NA,,
18.17,NA,,
19.141,NA,1.44,
16.409,NA,0.49,
16.087,NA,0.54,
16.839,NA,0.46,
19.141,NA,0.33,
16.764,NA,0.9,
17.074,NA,0.21,
18.768,NA,1.03,
16.409,NA,0.3,
16.087,NA,0.5,
18.098,NA,0.76,
15.633,NA,0.66,
16.839,NA,0.78,
17.074,NA,0.44,
16.409,NA,0.87,
18.768,NA,0.74,
16.087,NA,0.53,
19.141,NA,0.76,
16.764,NA,0.81,
17.074,NA,0.68,
16.409,NA,0.72,
16.087,NA,0.63,
16.839,NA,0.76,
18.768,NA,0.31,
16.764,NA,1.33,
18.069,NA,0.64,
19.141,NA,0.62,
15.558,NA,0.83,
15.722,NA,0.78,
16.414,NA,0.61,
17.043,NA,0.44,
17.332,NA,0.72,
15.76,NA,0.74,
15.824,NA,0.82,
18.287,NA,0.82,
15.722,NA,0.82,
17.043,NA,0.73,
15.824,NA,0.62,
14.316,NA,0.71,
20.15,NA,0.78,
18.287,NA,0.7,
16.414,NA,0.73,
15.76,NA,0.68,
17.332,NA,0.72,
20.15,NA,0.64,
15.722,NA,0.62,
17.332,NA,0.48,
16.414,NA,0.68,
14.32,NA,0.7,
15.722,NA,0.84,
17.043,NA,1.27,
20.15,NA,0.86,
16.414,NA,0.73,
15.824,NA,0.73,
14.32,NA,0.76,
18.287,NA,0.76,
17.332,NA,0.71,
15.824,NA,0.78,
15.76,NA,0.77,
18.287,NA,0.78,
16.493,NA,0.76,
17.394,NA,0.69,
16.592,NA,0.69,
16.113,NA,,
20.257,NA,,
17.858,NA,,
17.237,NA,,
17.237,NA,,
16.493,NA,0.4,
16.113,NA,0.85,
20.212,NA,0.59,
16.592,NA,0.64,
17.858,NA,0.73,
17.394,NA,0.73,
14.793,NA,0.7,
20.257,NA,0.8,
16.493,NA,0.82,
17.858,NA,0.68,
16.113,NA,0.79,
16.592,NA,0.74,
17.237,NA,0.84,
20.257,NA,0.67,
17.394,NA,0.77,
14.856,NA,0.69,
14.934,NA,0.75,
16.493,NA,0.79,
16.592,NA,0.76,
16.113,NA,0.76,
17.237,NA,0.78,
17.858,NA,0.63,
17.394,NA,0.78,
21.255,NA,0.81,
20.263,NA,0.73,
21.039,NA,0.82,
28.677,NA,0.73,
21.039,NA,0.83,
25.035,NA,0.75,
22.444,NA,0.7,
20.449,NA,0.67,
20.449,NA,0.82,
28.677,NA,0.74,
25.035,NA,0.61,
21.255,NA,0.91,
20.263,NA,0.75,
22.444,NA,0.75,
23.951,NA,0.67,
21.039,NA,0.69,
25.035,NA,0.69,
28.677,NA,0.68,
20.449,NA,0.62,
22.444,NA,0.48,
21.255,NA,0.61,
23.951,NA,0.76,
20.263,NA,0.97,
21.039,NA,0.56,
20.449,NA,0.49,
25.035,NA,0.73,
21.255,NA,0.66,
28.677,NA,0.63,
20.263,NA,0.71,
23.951,NA,0.68,
22.444,NA,0.58,
35.636,NA,0.74,
47.157,NA,0.72,
37.829,NA,0.77,
35.832,NA,0.59,
35.406,NA,0.59,
36.562,NA,0.57,
29.493,NA,0.55,
41.936,NA,0.72,
35.636,NA,0.71,
47.157,NA,0.65,
29.493,NA,0.69,
35.406,NA,0.75,
36.562,NA,0.68,
35.832,NA,0.73,
37.829,NA,0.74,
41.936,NA,0.62,
35.636,NA,0.71,
35.832,NA,0.7,
35.406,NA,0.68,
37.829,NA,0.67,
29.493,NA,0.59,
47.157,NA,0.74,
36.562,NA,0.66,
41.936,NA,0.66,
41.617,NA,0.63,
38.434,NA,0.67,
38.417,NA,0.69,
46.63,NA,0.59,
40.697,NA,0.33,
39.809,NA,1.35,
37.352,NA,17.4,
33.728,NA,5.05,
38.434,NA,1.83,
38.417,NA,0.52,
46.63,NA,1.46,
37.352,NA,2.3,
39.809,NA,0.54,
33.728,NA,1.69,
39.962,NA,2.59,
40.697,NA,0.61,
38.434,NA,0.63,
37.352,NA,1.83,
41.664,NA,3.29,
38.417,NA,16.41,
39.809,NA,15.98,
33.728,NA,9.04,
46.63,NA,8.09,
41.617,NA,4.05,
40.697,NA,18.3,
41.617,NA,3.32,
38.434,NA,5.04,
38.417,NA,2.42,
46.63,NA,3.39,
37.352,NA,5.39,
40.714,NA,1.71,
40.697,NA,4.87,
41.884,NA,2.26,
41.477,NA,1.06,
50.167,NA,0.46,
44.053,NA,0.36,
38.889,NA,0.46,
43.462,NA,0.59,
45.24,NA,1.08,
42.585,NA,0.59,
41.477,NA,0.5,
41.884,NA,1.45,
38.889,NA,0.45,
50.167,NA,0.64,
44.053,NA,0.77,
43.462,NA,0.57,
45.24,NA,0.96,
42.585,NA,1.32,
41.477,NA,0.9,
42.585,NA,0.76,
38.889,NA,2.35,
44.053,NA,0.83,
43.462,NA,3.23,
50.167,NA,2.18,
45.24,NA,6.95,
,NA,8.98,
44.053,NA,6.28,
50.167,NA,13.56,
38.889,NA,4.78,
42.585,NA,1.49,
41.884,NA,1.24,
45.24,NA,1.14,
43.462,NA,1.38,
39.016,NA,0.48,
37.73,NA,3.56,
40.409,NA,14.67,
42.325,NA,3.39,
46.446,NA,29.33,
46.538,NA,23.53,
44.602,NA,25.7,
39.016,NA,16.01,
40.008,NA,25.5,
44.602,NA,1.08,
42.325,NA,1.33,
46.446,NA,1.9,
40.409,NA,13.01,
37.73,NA,18.28,
51.14,NA,29.93,
39.016,NA,25.25,
37.73,NA,17.79,
40.409,NA,6.17,
42.325,NA,15.98,
40.008,NA,4.55,
44.602,NA,3.89,
46.538,NA,11.29,
46.446,NA,9.95,
44.602,NA,1.46,
39.016,NA,10.05,
37.73,NA,1.44,
42.325,NA,2.85,
46.446,NA,8.07,
46.538,NA,8.53,
51.068,NA,1.46,
40.008,NA,1.79,
42.97,NA,9.6,
48.291,NA,4.06,
50.548,NA,5.34,
40.483,NA,1.47,
43.698,NA,9.58,
54.915,NA,0.55,
42.332,NA,2.3,
42.589,NA,6.84,
54.915,NA,5.82,
43.698,NA,5.19,
41.997,NA,1.7,
42.97,NA,2.65,
50.548,NA,2.23,
48.291,NA,1.4,
48.291,NA,5.45,
42.589,NA,0.97,
42.97,NA,12.93,
54.915,NA,3.84,
42.332,NA,0.48,
41.997,NA,4.58,
50.548,NA,6.14,
43.698,NA,,
42.589,NA,3.65,
42.97,NA,1.13,
41.997,NA,3.1,
54.915,NA,1.22,
48.291,NA,1.26,
43.698,NA,2.31,
40.74,NA,1.34,
42.332,NA,,
50.548,NA,1.59,
42.4,NA,4.44,
41.06,NA,1.32,
46.445,NA,4.17,
43.096,NA,0,
42.375,NA,28.28,
41.661,NA,0.5,
48.907,NA,4.82,
43.414,NA,23.56,
48.807,NA,2.57,
42.375,NA,0.3,
46.445,NA,,
43.096,NA,0,
48.807,NA,1.19,
42.4,NA,2.06,
43.414,NA,1.19,
41.06,NA,12.23,
42.375,NA,12.77,
41.06,NA,1.14,
41.661,NA,1.26,
46.445,NA,1.21,
43.096,NA,10.68,
42.4,NA,17.21,
43.414,NA,9.13,
49.171,NA,4.19,
48.807,NA,4.21,
45.581,NA,4.79,
44.832,NA,1.22,
50.23,NA,1.4,
46.484,NA,4.52,
54.526,NA,2.84,
45.269,NA,1.7,
47.022,NA,1.77,
40.968,NA,1.52,
45.581,NA,1.4,
44.832,NA,5.65,
54.596,NA,1.78,
45.286,NA,4.45,
47.022,NA,3.93,
45.269,NA,1.4,
50.23,NA,1.96,
45.581,NA,1.54,
45.286,NA,1.89,
46.484,NA,3.21,
47.022,NA,2.36,
44.832,NA,1.56,
40.968,NA,3.74,
45.269,NA,2,
50.23,NA,1.3,
54.653,NA,1.54,
44.832,NA,2.89,
50.23,NA,3.84,
40.968,NA,4.29,
45.286,NA,2.08,
46.484,NA,5.48,
54.701,NA,2.83,
59.037,NA,1.75,
47.688,NA,15.98,
48.264,NA,2.03,
50.023,NA,5.28,
47.849,NA,5.01,
49.065,NA,6.96,
53.821,NA,2.58,
50.125,NA,7.52,
44.223,NA,15.9,
44.223,NA,20.81,
48.264,NA,26.99,
50.023,NA,2.86,
59.301,NA,7.24,
47.849,NA,3.42,
47.688,NA,15.1,
49.065,NA,2.42,
53.821,NA,2.11,
50.125,NA,27.06,
48.264,NA,10.62,
47.688,NA,9.91,
47.849,NA,3.56,
44.223,NA,1.62,
53.821,NA,18.69,
50.125,NA,12.18,
50.023,NA,9.82,
49.065,NA,9.35,
59.337,NA,16.7,
50.023,NA,9.44,
47.688,NA,16.46,
44.223,NA,2.89,
48.264,NA,2.42,
53.821,NA,14.36,
50.125,NA,12.51,
47.849,NA,1.5,
49.958,NA,1.86,
53.086,NA,1.09,
63.8,NA,9.97,
50.812,NA,37.73,
47.53,NA,25.13,
53.589,NA,9.92,
52.538,NA,48.07,
58.477,NA,3.15,
51.186,NA,1.16,
49.958,NA,20.25,
51.186,NA,8.78,
52.538,NA,1.82,
47.53,NA,29,
64.299,NA,29.16,
53.086,NA,34.69,
49.958,NA,35.05,
53.65,NA,16.67,
50.812,NA,9.03,
47.53,NA,14.55,
64.538,NA,21.83,
51.186,NA,9.91,
53.086,NA,1.31,
53.65,NA,11.68,
50.812,NA,1.14,
58.477,NA,26.54,
52.538,NA,1.16,
49.958,NA,4.29,
50.812,NA,1.43,
47.53,NA,2.4,
53.65,NA,1.96,
51.186,NA,9.97,
53.086,NA,2.76,
58.477,NA,5.77,
52.538,NA,5.26,
64.638,NA,1.19,
55.992,NA,1.42,
54.83,NA,1.76,
60.919,NA,1.47,
54.833,NA,22.81,
49.564,NA,9.83,
59.718,NA,1.78,
52.405,NA,13.22,
55.853,NA,1.2,
59.6,NA,3.19,
55.992,NA,22.32,
55.853,NA,19.24,
52.405,NA,18.85,
59.718,NA,1.06,
54.83,NA,18.66,
54.833,NA,1.7,
49.564,NA,1.01,
60.919,NA,8.24,
59.56,NA,1.27,
49.564,NA,2.15,
54.83,NA,2.21,
55.992,NA,2.13,
52.405,NA,2.39,
59.537,NA,3.05,
55.853,NA,2.68,
54.833,NA,2.26,
60.919,NA,2,
55.785,NA,2.09,
49.874,NA,2.71,
56.428,NA,1.95,
57.202,NA,1.82,
56.532,NA,1.67,
51.392,NA,2.21,
58.475,NA,1.96,
61.595,NA,1.7,
60.147,NA,1.63,
58.497,NA,1.21,
55.785,NA,1.54,
56.428,NA,2.66,
61.595,NA,3.38,
49.874,NA,1.72,
51.392,NA,1.62,
56.532,NA,2.5,
57.202,NA,1.47,
60.147,NA,2.12,
55.785,NA,6.11,
56.428,NA,3.03,
51.392,NA,1.5,
61.595,NA,3.91,
57.202,NA,1.14,
58.501,NA,1.31,
60.147,NA,1.12,
56.532,NA,1.06,
56.428,NA,,
55.785,NA,1.19,
56.532,NA,8.22,
60.147,NA,1.18,
57.202,NA,1.15,
51.392,NA,3.63,
61.595,NA,2.63,
49.874,NA,1.13,
58.512,NA,1.36,
57.034,NA,1.34,
48.76,NA,3.56,
60.077,NA,1.24,
51.036,NA,1.21,
61.853,NA,1.22,
56.8,NA,,
58.452,NA,,
56.007,NA,1.48,
57.034,NA,1.07,
59.014,NA,1.82,
60.077,NA,2.09,
58.452,NA,1.56,
56.8,NA,1.64,
51.036,NA,1.61,
56.012,NA,1.6,
48.76,NA,1.99,
61.853,NA,1.73,
59.085,NA,1.72,
56.8,NA,0.94,
57.034,NA,0.83,
48.76,NA,1.35,
60.077,NA,1.36,
51.036,NA,2.48,
56.012,NA,1.52,
61.853,NA,2.18,
58.452,NA,2.3,
57.034,NA,1.55,
60.077,NA,1.13,
56.8,NA,1.63,
59.073,NA,1.7,
51.036,NA,1.47,
58.452,NA,2.03,
48.76,NA,1.72,
61.853,NA,,
56.012,NA,1.88,
49.555,NA,1.81,
62.86,NA,1.84,
57.642,NA,1.92,
54.629,NA,2.07,
60.341,NA,1.78,
58.895,NA,1.68,
65.231,NA,1.33,
56.174,NA,1.44,
59.429,NA,1.93,
49.555,NA,1.55,
60.341,NA,2.67,
63.15,NA,2.08,
65.231,NA,1.44,
57.642,NA,1.18,
58.895,NA,1.32,
56.174,NA,1.62,
59.429,NA,1.29,
54.629,NA,1.25,
57.642,NA,1.2,
58.895,NA,1.54,
60.341,NA,1.77,
54.629,NA,1.58,
49.555,NA,0.85,
59.429,NA,1.49,
56.174,NA,0.69,
58.895,NA,0.76,
65.231,NA,0.96,
63.163,NA,0.89,
54.629,NA,0.85,
60.341,NA,0.93,
57.642,NA,0.79,
49.555,NA,0.66,
56.174,NA,0.79,
59.429,NA,0.8,
66.08,NA,0.78,
51.261,NA,1.3,
51.717,NA,1.02,
56.752,NA,0.84,
58.05,NA,0.78,
50.587,NA,1.02,
56.256,NA,0.78,
58.18,NA,0.97,
56.752,NA,0.98,
56.256,NA,0.97,
51.717,NA,0.93,
65.467,NA,1.15,
50.587,NA,1.08,
58.18,NA,0.99,
60.14,NA,1.23,
51.261,NA,1.04,
58.05,NA,1.05,
56.256,NA,1.16,
56.752,NA,1.12,
51.717,NA,1.21,
60.14,NA,1.32,
51.261,NA,1.85,
58.18,NA,1.39,
50.587,NA,1.9,
65.379,NA,1.6,
51.717,NA,1.37,
60.14,NA,1.81,
58.18,NA,3.28,
50.587,NA,1.59,
56.752,NA,2.19,
65.285,NA,2.2,
51.261,NA,2.06,
56.256,NA,1.7,
58.05,NA,1.69,
46.345,NA,1.46,
39.652,NA,1.73,
48.225,NA,1.51,
49.704,NA,1.66,
39.214,NA,1.51,
49.632,NA,1.51,
54.29,NA,1.47,
46.345,NA,1.45,
48.225,NA,1.57,
39.652,NA,1.12,
49.632,NA,0.94,
54.29,NA,0.73,
39.214,NA,0.94,
49.704,NA,0.81,
46.592,NA,0.79,
48.704,NA,1.01,
46.345,NA,0.84,
49.704,NA,0.56,
39.652,NA,0.58,
49.632,NA,0.62,
39.214,NA,1.68,
46.592,NA,0.77,
48.225,NA,0.58,
54.29,NA,1.41,
46.345,NA,0.97,
48.225,NA,1.51,
54.29,NA,1.03,
39.652,NA,0.86,
48.02,NA,0.57,
49.704,NA,0.79,
46.592,NA,1.28,
49.632,NA,1.19,
39.214,NA,0.89,
32.821,NA,0.96,
37.528,NA,1.22,
37.545,NA,1.2,
37.801,NA,0.91,
31.006,NA,0.98,
42.505,NA,0.52,
37.454,NA,0.92,
45.858,NA,0.9,
32.821,NA,2.11,
39.811,NA,0.82,
42.505,NA,0.86,
45.858,NA,0.87,
37.528,NA,0.86,
37.545,NA,0.82,
37.454,NA,0.87,
37.801,NA,0.62,
31.006,NA,1,
37.545,NA,0.85,
37.801,NA,1.11,
45.858,NA,1.18,
37.528,NA,1.19,
31.006,NA,1.03,
39.684,NA,1.13,
32.821,NA,1.03,
37.454,NA,1.86,
42.505,NA,1.25,
45.858,NA,0.81,
37.801,NA,1.08,
32.821,NA,1.07,
42.505,NA,1.02,
39.543,NA,0.78,
31.006,NA,1.37,
37.528,NA,1.87,
37.454,NA,1.65,
37.545,NA,0.64,
31.186,NA,0.94,
31.129,NA,0.98,
29.654,NA,2.09,
29.915,NA,0.71,
34.835,NA,0.72,
26.728,NA,1.53,
31.731,NA,0.6,
29.321,NA,0.67,
31.129,NA,0.82,
26.728,NA,0.49,
29.915,NA,0.62,
29.321,NA,0.6,
36.492,NA,0.55,
29.654,NA,0.66,
31.186,NA,1.15,
34.835,NA,0.69,
31.186,NA,0.6,
29.321,NA,0.6,
31.255,NA,0.99,
31.129,NA,0.88,
36.492,NA,0.67,
29.654,NA,0.72,
29.915,NA,0.61,
26.728,NA,0.46,
34.835,NA,0.91,
31.129,NA,0.61,
36.492,NA,0.47,
31.186,NA,0.56,
29.654,NA,0.52,
34.835,NA,0.42,
29.915,NA,1.08,
26.728,NA,0.78,
29.321,NA,0.42,
22.754,NA,0.43,
28.288,NA,0.49,
24.245,NA,0.43,
29.706,NA,0.43,
25.181,NA,0.49,
25.891,NA,0.76,
22.894,NA,0.65,
25.927,NA,0.4,
25.927,NA,0.43,
25.891,NA,0.39,
25.181,NA,0.41,
28.288,NA,0.36,
22.894,NA,0.33,
29.706,NA,0.36,
22.754,NA,0.34,
24.245,NA,0.38,
22.894,NA,0.37,
28.288,NA,0.35,
24.245,NA,0.34,
25.927,NA,0.34,
22.754,NA,0.41,
25.891,NA,0.4,
29.706,NA,0.34,
25.218,NA,0.97,
25.181,NA,3.8,
22.894,NA,4.02,
28.288,NA,2.12,
23.89,NA,0.47,
25.137,NA,0.33,
26.252,NA,1.61,
25.891,NA,5.43,
25.211,NA,,
25.181,NA,,
22.754,NA,3.02,
29.706,NA,3.63,
25.927,NA,2.48,
26.561,NA,3.55,
25.858,NA,5.62,
23.045,NA,6.28,
22.535,NA,7.87,
25.774,NA,4.04,
23.045,NA,2.27,
25.137,NA,0.42,
26.252,NA,1.28,
23.89,NA,0.57,
24.741,NA,0.46,
26.561,NA,0.38,
22.535,NA,0.53,
25.774,NA,1.51,
25.858,NA,0.55,
25.137,NA,0.61,
26.252,NA,1.48,
26.252,NA,0.69,
23.89,NA,0.74,
25.858,NA,2.63,
25.774,NA,5.8,
22.535,NA,0.46,
25.858,NA,0.48,
26.561,NA,0.75,
23.89,NA,0.51,
24.514,NA,5.23,
25.137,NA,0.64,
22.979,NA,1.01,
26.561,NA,,
22.535,NA,0.91,
25.774,NA,0.53,
23.045,NA,0.47,
24.521,NA,0.83,
19.973,NA,0.58,
20.231,NA,0.69,
19.144,NA,0.63,
21.008,NA,0.45,
20.661,NA,0.61,
22.05,NA,0,
19.973,NA,0,
20.104,NA,0.01,
20.231,NA,0.05,
21.008,NA,0,
22.05,NA,1.37,
22.979,NA,45.96,
19.144,NA,47.93,
20.661,NA,3.59,
18.972,NA,3.34,
19.973,NA,0.56,
22.979,NA,1.59,
19.144,NA,0.52,
20.231,NA,0.47,
22.05,NA,0.49,
20.104,NA,0.41,
21.008,NA,0.22,
20.661,NA,0.38,
18.961,NA,0.41,
19.973,NA,0.59,
18.961,NA,0.39,
20.231,NA,0.55,
22.979,NA,0.31,
20.104,NA,0.77,
19.144,NA,0.38,
20.661,NA,0.42,
22.05,NA,0.48,
21.008,NA,0.48,
19.286,NA,0.51,
19.01,NA,0.38,
18.733,NA,0.3,
20.859,NA,0.43,
18.632,NA,0.53,
17.91,NA,0.5,
21.021,NA,0.4,
18.759,NA,0.57,
18.667,NA,0.36,
18.632,NA,0.36,
21.021,NA,0.41,
17.91,NA,0.52,
18.733,NA,0.97,
19.286,NA,0.89,
18.632,NA,0.8,
19.01,NA,0.51,
18.759,NA,0.25,
20.859,NA,0.2,
18.646,NA,0.38,
19.286,NA,0.52,
18.759,NA,0.46,
21.021,NA,0.52,
18.733,NA,0.43,
20.859,NA,0.71,
17.91,NA,0.64,
19.01,NA,1.08,
18.629,NA,1.13,
19.286,NA,0.46,
18.632,NA,0.51,
18.623,NA,0.61,
19.01,NA,0.51,
21.021,NA,0.49,
17.91,NA,1.45,
18.759,NA,0.55,
20.859,NA,0.73,
18.733,NA,0.56,
17.531,NA,1.11,
18.235,NA,0.85,
18.637,NA,0.73,
21.106,NA,1.08,
18.416,NA,1.97,
19.595,NA,0.51,
18.235,NA,0.2,
18.637,NA,0,
21.106,NA,0.52,
18.355,NA,0.73,
18.527,NA,0,
21.114,NA,0.37,
18.416,NA,1.12,
18.355,NA,0.75,
21.114,NA,1.2,
17.405,NA,1.18,
18.527,NA,1.64,
19.595,NA,1.16,
18.235,NA,0.83,
18.416,NA,0.8,
18.355,NA,3.1,
19.595,NA,2.97,
18.637,NA,0.55,
18.527,NA,0.28,
17.341,NA,0.42,
21.106,NA,1.37,
21.114,NA,0.85,
18.235,NA,1.16,
18.416,NA,0.7,
21.114,NA,0.83,
17.283,NA,0.83,
21.106,NA,0.62,
18.637,NA,0.76,
19.595,NA,0.73,
18.355,NA,0.72,
18.527,NA,0.63,
17.333,NA,0.37,
19.328,NA,0.91,
20.369,NA,1.9,
18.855,NA,0.99,
16.853,NA,0.57,
18.082,NA,0.62,
18.637,NA,0.46,
21.521,NA,0.69,
18.27,NA,3,
17.333,NA,2.6,
16.853,NA,1.05,
19.328,NA,1.22,
18.855,NA,0.89,
20.369,NA,0.85,
18.082,NA,0.67,
18.27,NA,0.81,
18.637,NA,1.88,
21.521,NA,0.87,
17.333,NA,0.72,
20.369,NA,0.82,
19.328,NA,1.66,
18.855,NA,2.95,
